#2026 08 05 09:03:00.352#Z#INFO#7564f0ed-90ac-11f1-8dd2-eeee0a922324.OPERATION#http-nio-0.0.0.0-8080-exec-7#
[XS2StartProcessListener] Operation ID: 7564f0ed-90ac-11f1-8dd2-eeee0a922324#
#2026 08 05 09:03:00.376#Z#DEBUG#7564f0ed-90ac-11f1-8dd2-eeee0a922324.OPERATION#http-nio-0.0.0.0-8080-exec-7#
[XS2StartProcessListener] Process environment: {
  "SKIP_SSL_VALIDATION" : "false",
  "FLOWABLE_JOB_EXECUTOR_MAX_THREADS" : "32",
  "VERSION" : "2.51.0",
  "BASIC_AUTH_ENABLED" : "true",
  "FLOWABLE_JOB_EXECUTOR_QUEUE_CAPACITY" : "16",
  "FLOWABLE_JOB_EXECUTOR_CORE_THREADS" : "8"
}#
#2026 08 05 09:03:00.376#Z#DEBUG#7564f0ed-90ac-11f1-8dd2-eeee0a922324.OPERATION#http-nio-0.0.0.0-8080-exec-7#
[XS2StartProcessListener] Current user: meric.sarikaya@bs.nttdata.com#
#2026 08 05 09:03:00.376#Z#DEBUG#7564f0ed-90ac-11f1-8dd2-eeee0a922324.OPERATION#http-nio-0.0.0.0-8080-exec-7#
[XS2StartProcessListener] Client space: dev#
#2026 08 05 09:03:00.376#Z#DEBUG#7564f0ed-90ac-11f1-8dd2-eeee0a922324.OPERATION#http-nio-0.0.0.0-8080-exec-7#
[XS2StartProcessListener] Client organization: 268a3369trial#
#2026 08 05 09:03:00.376#Z#INFO#7564f0ed-90ac-11f1-8dd2-eeee0a922324.OPERATION#http-nio-0.0.0.0-8080-exec-7#
[XS2StartProcessListener] Process variables: {
  "keepFiles" : false,
  "skipAppDigestCalculation" : false,
  "abortOnError" : false,
  "mtaId" : "hr-app",
  "noFailOnMissingPermissions" : false,
  "isSecurityEnabled" : false,
  "apiRequestPath" : "https://deploy-service.cf.us10-001.hana.ondemand.com/api/v1/spaces/99b52bb6-6dc9-4977-b132-939f31531839/operations",
  "deleteServiceBrokers" : false,
  "appArchiveId" : "273d43df-1ee8-408c-a00d-8242885677c0,3673cfd5-9c0e-4785-8106-5a46730ba3d4",
  "isDisposableUserProvidedServiceEnabled" : false,
  "deleteServiceKeys" : false,
  "noRestartSubscribedApps" : false,
  "noStart" : false,
  "deleteServices" : false
}#
#2026 08 05 09:03:00.427#Z#DEBUG#7564f0ed-90ac-11f1-8dd2-eeee0a922324.OPERATION#flowable-async-job-executor-thread-9148#
[ValidateDeployParametersStep] Executing task "validateParametersTask" of process "7564f113-90ac-11f1-8dd2-eeee0a922324"...#
#2026 08 05 09:03:00.427#Z#DEBUG#7564f0ed-90ac-11f1-8dd2-eeee0a922324.OPERATION#flowable-async-job-executor-thread-9148#
[ValidateDeployParametersStep] Validating parameters...#
#2026 08 05 09:03:00.432#Z#INFO#7564f0ed-90ac-11f1-8dd2-eeee0a922324.OPERATION#flowable-async-job-executor-thread-9148#
[ValidateDeployParametersStep] Size of mtars is 52,034,207 and size of extension descriptors is 0#
#2026 08 05 09:03:00.432#Z#INFO#7564f0ed-90ac-11f1-8dd2-eeee0a922324.OPERATION#flowable-async-job-executor-thread-9148#
[ValidateDeployParametersStep] Archive was split to: 2 parts. Total size in bytes: 52,034,207. Uploading started...#
#2026 08 05 09:03:00.468#Z#DEBUG#7564f0ed-90ac-11f1-8dd2-eeee0a922324.OPERATION#pool-10-thread-7#
[ValidateDeployParametersStep] Opening a new input stream for file with ID: 3673cfd5-9c0e-4785-8106-5a46730ba3d4 and name: hr-app_1.0.0.mtar.part.0#
#2026 08 05 09:03:01.363#Z#DEBUG#7564f0ed-90ac-11f1-8dd2-eeee0a922324.OPERATION#pool-10-thread-7#
[ValidateDeployParametersStep] Opening a new input stream for file with ID: 273d43df-1ee8-408c-a00d-8242885677c0 and name: hr-app_1.0.0.mtar.part.1#
#2026 08 05 09:03:01.651#Z#INFO#7564f0ed-90ac-11f1-8dd2-eeee0a922324.OPERATION#flowable-async-job-executor-thread-9148#
[ValidateDeployParametersStep] Archive with ID: 2e0e7655-8c40-42be-a005-094b8aa3069f and name: hr-app_1.0.0.mtar was stored#
#2026 08 05 09:03:01.651#Z#INFO#7564f0ed-90ac-11f1-8dd2-eeee0a922324.OPERATION#flowable-async-job-executor-thread-9148#
[ValidateDeployParametersStep] Deploying in org "268a3369trial" and space "dev"#
#2026 08 05 09:03:01.657#Z#DEBUG#7564f0ed-90ac-11f1-8dd2-eeee0a922324.OPERATION#flowable-async-job-executor-thread-9148#
[ValidateDeployParametersStep] Parameters validated#
#2026 08 05 09:03:01.657#Z#DEBUG#7564f0ed-90ac-11f1-8dd2-eeee0a922324.OPERATION#flowable-async-job-executor-thread-9148#
Step "Validate Parameters" finished#
#2026 08 05 09:03:01.694#Z#DEBUG#7564f0ed-90ac-11f1-8dd2-eeee0a922324.OPERATION#flowable-async-job-executor-thread-9149#
[DeleteRemainingFileParts] Executing task "deleteRemainingFileParts" of process "7564f113-90ac-11f1-8dd2-eeee0a922324"...#
#2026 08 05 09:03:01.742#Z#DEBUG#7564f0ed-90ac-11f1-8dd2-eeee0a922324.OPERATION#flowable-async-job-executor-thread-9149#
Step "Delete Remaining File Parts" finished#
#2026 08 05 09:03:01.773#Z#DEBUG#7564f0ed-90ac-11f1-8dd2-eeee0a922324.OPERATION#flowable-async-job-executor-thread-9150#
[XS2ProcessMtaArchiveStep] Executing task "processArchiveTask" of process "7564f113-90ac-11f1-8dd2-eeee0a922324"...#
#2026 08 05 09:03:01.774#Z#DEBUG#7564f0ed-90ac-11f1-8dd2-eeee0a922324.OPERATION#flowable-async-job-executor-thread-9150#
[XS2ProcessMtaArchiveStep] Processing MTA archive...#
#2026 08 05 09:03:01.774#Z#DEBUG#7564f0ed-90ac-11f1-8dd2-eeee0a922324.OPERATION#flowable-async-job-executor-thread-9150#
[XS2ProcessMtaArchiveStep] MTA Archive ID: 2e0e7655-8c40-42be-a005-094b8aa3069f#
#2026 08 05 09:03:02.671#Z#DEBUG#7564f0ed-90ac-11f1-8dd2-eeee0a922324.OPERATION#flowable-async-job-executor-thread-9150#
[XS2ProcessMtaArchiveStep] MTA Descriptor length: 1,646#
#2026 08 05 09:03:02.671#Z#DEBUG#7564f0ed-90ac-11f1-8dd2-eeee0a922324.OPERATION#flowable-async-job-executor-thread-9150#
[XS2ProcessMtaArchiveStep] MTA Archive Modules: [hr-app-srv, hr-app, hr-app-db-deployer]#
#2026 08 05 09:03:02.671#Z#DEBUG#7564f0ed-90ac-11f1-8dd2-eeee0a922324.OPERATION#flowable-async-job-executor-thread-9150#
[XS2ProcessMtaArchiveStep] MTA Archive Requires: []#
#2026 08 05 09:03:02.671#Z#DEBUG#7564f0ed-90ac-11f1-8dd2-eeee0a922324.OPERATION#flowable-async-job-executor-thread-9150#
[XS2ProcessMtaArchiveStep] MTA Archive Resources: [hr-app-auth]#
#2026 08 05 09:03:02.682#Z#DEBUG#7564f0ed-90ac-11f1-8dd2-eeee0a922324.OPERATION#flowable-async-job-executor-thread-9150#
[XS2ProcessMtaArchiveStep] MTA archive processed#
#2026 08 05 09:03:02.682#Z#DEBUG#7564f0ed-90ac-11f1-8dd2-eeee0a922324.OPERATION#flowable-async-job-executor-thread-9150#
Step "Process Archive" finished#
#2026 08 05 09:03:02.728#Z#DEBUG#7564f0ed-90ac-11f1-8dd2-eeee0a922324.OPERATION#flowable-async-job-executor-thread-9151#
[ProcessMtaExtensionDescriptorsStep] Executing task "processExtensionDescriptorsTask" of process "7564f113-90ac-11f1-8dd2-eeee0a922324"...#
#2026 08 05 09:03:02.729#Z#DEBUG#7564f0ed-90ac-11f1-8dd2-eeee0a922324.OPERATION#flowable-async-job-executor-thread-9151#
[ProcessMtaExtensionDescriptorsStep] Processing MTA extension descriptors...#
#2026 08 05 09:03:02.730#Z#DEBUG#7564f0ed-90ac-11f1-8dd2-eeee0a922324.OPERATION#flowable-async-job-executor-thread-9151#
[ProcessMtaExtensionDescriptorsStep] Provided extension descriptors: [ ]#
#2026 08 05 09:03:02.730#Z#DEBUG#7564f0ed-90ac-11f1-8dd2-eeee0a922324.OPERATION#flowable-async-job-executor-thread-9151#
[ProcessMtaExtensionDescriptorsStep] No extension descriptors in use#
#2026 08 05 09:03:02.730#Z#DEBUG#7564f0ed-90ac-11f1-8dd2-eeee0a922324.OPERATION#flowable-async-job-executor-thread-9151#
[ProcessMtaExtensionDescriptorsStep] MTA extension descriptors processed#
#2026 08 05 09:03:02.730#Z#DEBUG#7564f0ed-90ac-11f1-8dd2-eeee0a922324.OPERATION#flowable-async-job-executor-thread-9151#
Step "Process Extension Descriptors" finished#
#2026 08 05 09:03:02.763#Z#DEBUG#7564f0ed-90ac-11f1-8dd2-eeee0a922324.OPERATION#flowable-async-job-executor-thread-9152#
[XS2DetectMtaSchemaVersionStep] Executing task "detectSchemaVersionTask" of process "7564f113-90ac-11f1-8dd2-eeee0a922324"...#
#2026 08 05 09:03:02.764#Z#DEBUG#7564f0ed-90ac-11f1-8dd2-eeee0a922324.OPERATION#flowable-async-job-executor-thread-9152#
[XS2DetectMtaSchemaVersionStep] Detecting MTA major schema version...#
#2026 08 05 09:03:02.765#Z#INFO#7564f0ed-90ac-11f1-8dd2-eeee0a922324.OPERATION#flowable-async-job-executor-thread-9152#
[XS2DetectMtaSchemaVersionStep] Detected MTA schema version: "3"#
#2026 08 05 09:03:02.770#Z#DEBUG#7564f0ed-90ac-11f1-8dd2-eeee0a922324.OPERATION#flowable-async-job-executor-thread-9152#
Step "Detect Schema Version" finished#
#2026 08 05 09:03:02.807#Z#DEBUG#7564f0ed-90ac-11f1-8dd2-eeee0a922324.OPERATION#flowable-async-job-executor-thread-9153#
[MergeDescriptorsStep] Executing task "mergeDescriptorsTask" of process "7564f113-90ac-11f1-8dd2-eeee0a922324"...#
#2026 08 05 09:03:02.809#Z#DEBUG#7564f0ed-90ac-11f1-8dd2-eeee0a922324.OPERATION#flowable-async-job-executor-thread-9153#
[MergeDescriptorsStep] Validating and merging descriptors...#
#2026 08 05 09:03:02.812#Z#DEBUG#7564f0ed-90ac-11f1-8dd2-eeee0a922324.OPERATION#flowable-async-job-executor-thread-9153#
[MergeDescriptorsStep] Merged deployment descriptor: {
  "majorSchemaVersion" : 3,
  "schemaVersion" : "3.3.0",
  "id" : "hr-app",
  "version" : "1.0.0",
  "modules" : [ {
    "majorSchemaVersion" : 3,
    "name" : "hr-app-srv",
    "type" : "javascript.nodejs",
    "path" : "hr-app-srv",
    "properties" : { },
    "parameters" : {
      "buildpack" : "nodejs_buildpack",
      "instances" : 1
    },
    "requiredDependencies" : [ {
      "majorSchemaVersion" : 3,
      "name" : "********",
      "properties" : { },
      "parameters" : { },
      "propertiesMetadata" : {
        "metadata" : { }
      },
      "parametersMetadata" : {
        "metadata" : { }
      }
    }, {
      "majorSchemaVersion" : 3,
      "name" : "hr-app-hdi",
      "properties" : { },
      "parameters" : { },
      "propertiesMetadata" : {
        "metadata" : { }
      },
      "parametersMetadata" : {
        "metadata" : { }
      }
    } ],
    "providedDependencies" : [ {
      "majorSchemaVersion" : 3,
      "name" : "srv-api",
      "isPublic" : false,
      "properties" : {
        "srv-url" : "${default-url}"
      },
      "parameters" : { },
      "propertiesMetadata" : {
        "metadata" : { }
      },
      "parametersMetadata" : {
        "metadata" : { }
      }
    }, {
      "majorSchemaVersion" : 3,
      "name" : "hr-app-srv",
      "isPublic" : false,
      "properties" : { },
      "parameters" : { },
      "propertiesMetadata" : {
        "metadata" : { }
      },
      "parametersMetadata" : {
        "metadata" : { }
      }
    } ],
    "propertiesMetadata" : {
      "metadata" : { }
    },
    "parametersMetadata" : {
      "metadata" : { }
    },
    "hooks" : [ ]
  }, {
    "majorSchemaVersion" : 3,
    "name" : "hr-app-db-deployer",
    "type" : "com.sap.xs.hdi",
    "path" : "hr-app-db-deployer",
    "properties" : {
      "EXIT" : 1
    },
    "parameters" : {
      "memory" : "256M",
      "buildpack" : "nodejs_buildpack",
      "no-route" : true,
      "dependency-type" : "hard",
      "tasks" : [ {
        "name" : "deploy",
        "memory" : "256M",
        "command" : "npm start"
      } ],
      "no-start" : true
    },
    "requiredDependencies" : [ {
      "majorSchemaVersion" : 3,
      "name" : "hr-app-hdi",
      "properties" : { },
      "parameters" : { },
      "propertiesMetadata" : {
        "metadata" : { }
      },
      "parametersMetadata" : {
        "metadata" : { }
      }
    } ],
    "providedDependencies" : [ {
      "majorSchemaVersion" : 3,
      "name" : "hr-app-db-deployer",
      "isPublic" : false,
      "properties" : { },
      "parameters" : { },
      "propertiesMetadata" : {
        "metadata" : { }
      },
      "parametersMetadata" : {
        "metadata" : { }
      }
    } ],
    "propertiesMetadata" : {
      "metadata" : { }
    },
    "parametersMetadata" : {
      "metadata" : { }
    },
    "hooks" : [ ]
  }, {
    "majorSchemaVersion" : 3,
    "name" : "hr-app",
    "type" : "javascript.nodejs",
    "path" : "hr-app",
    "properties" : { },
    "parameters" : {
      "disk-quota" : "256M",
      "keep-existing-routes" : true,
      "memory" : "256M"
    },
    "requiredDependencies" : [ {
      "majorSchemaVersion" : 3,
      "name" : "srv-api",
      "group" : "destinations",
      "properties" : {
        "name" : "srv-api",
        "forwardAuthToken" : "********",
        "url" : "~{srv-url}"
      },
      "parameters" : { },
      "propertiesMetadata" : {
        "metadata" : { }
      },
      "parametersMetadata" : {
        "metadata" : { }
      }
    }, {
      "majorSchemaVersion" : 3,
      "name" : "********",
      "properties" : { },
      "parameters" : { },
      "propertiesMetadata" : {
        "metadata" : { }
      },
      "parametersMetadata" : {
        "metadata" : { }
      }
    } ],
    "providedDependencies" : [ {
      "majorSchemaVersion" : 3,
      "name" : "app-api",
      "isPublic" : false,
      "properties" : {
        "app-protocol" : "${protocol}",
        "app-uri" : "${default-uri}"
      },
      "parameters" : { },
      "propertiesMetadata" : {
        "metadata" : { }
      },
      "parametersMetadata" : {
        "metadata" : { }
      }
    }, {
      "majorSchemaVersion" : 3,
      "name" : "hr-app",
      "isPublic" : false,
      "properties" : { },
      "parameters" : { },
      "propertiesMetadata" : {
        "metadata" : { }
      },
      "parametersMetadata" : {
        "metadata" : { }
      }
    } ],
    "propertiesMetadata" : {
      "metadata" : { }
    },
    "parametersMetadata" : {
      "metadata" : { }
    },
    "hooks" : [ ]
  } ],
  "resources" : [ {
    "majorSchemaVersion" : 3,
    "name" : "********",
    "type" : "org.cloudfoundry.managed-service",
    "properties" : { },
    "parameters" : {
      "path" : "./xs-security.json",
      "service-plan" : "application",
      "type" : "managed-service",
      "config" : {
        "oauth2-configuration" : "********",
        "tenant-mode" : "dedicated",
        "xsappname" : "hr-app-${org}-${space}"
      },
      "service" : "xsuaa"
    },
    "isActive" : true,
    "isOptional" : false,
    "propertiesMetadata" : {
      "metadata" : { }
    },
    "parametersMetadata" : {
      "metadata" : { }
    },
    "requiredDependencies" : [ {
      "majorSchemaVersion" : 3,
      "name" : "app-api",
      "properties" : { },
      "parameters" : { },
      "propertiesMetadata" : {
        "metadata" : { }
      },
      "parametersMetadata" : {
        "metadata" : { }
      }
    } ],
    "processedAfter" : [ ]
  }, {
    "majorSchemaVersion" : 3,
    "name" : "hr-app-hdi",
    "type" : "com.sap.xs.hdi-container",
    "properties" : { },
    "parameters" : {
      "type" : "managed-service",
      "service" : "hana",
      "service-plan" : "hdi-shared"
    },
    "isActive" : true,
    "isOptional" : false,
    "propertiesMetadata" : {
      "metadata" : { }
    },
    "parametersMetadata" : {
      "metadata" : { }
    },
    "requiredDependencies" : [ ],
    "processedAfter" : [ ]
  } ],
  "parameters" : {
    "enable-parallel-deployments" : true
  },
  "parametersMetadata" : {
    "metadata" : { }
  }
}#
#2026 08 05 09:03:02.814#Z#DEBUG#7564f0ed-90ac-11f1-8dd2-eeee0a922324.OPERATION#flowable-async-job-executor-thread-9153#
[MergeDescriptorsStep] Descriptors validated and merged#
#2026 08 05 09:03:02.814#Z#DEBUG#7564f0ed-90ac-11f1-8dd2-eeee0a922324.OPERATION#flowable-async-job-executor-thread-9153#
Step "Merge Descriptors" finished#
#2026 08 05 09:03:02.855#Z#DEBUG#7564f0ed-90ac-11f1-8dd2-eeee0a922324.OPERATION#flowable-async-job-executor-thread-9154#
[DetectDeployedMtaStep] Executing task "detectDeployedMtaTask" of process "7564f113-90ac-11f1-8dd2-eeee0a922324"...#
#2026 08 05 09:03:02.856#Z#DEBUG#7564f0ed-90ac-11f1-8dd2-eeee0a922324.OPERATION#flowable-async-job-executor-thread-9154#
[DetectDeployedMtaStep] Detecting deployed MTA...#
#2026 08 05 09:03:02.857#Z#DEBUG#7564f0ed-90ac-11f1-8dd2-eeee0a922324.OPERATION#flowable-async-job-executor-thread-9154#
[DetectDeployedMtaStep] Detecting MTA by id hr-app and namespace null#
#2026 08 05 09:03:02.857#Z#DEBUG#7564f0ed-90ac-11f1-8dd2-eeee0a922324.OPERATION#flowable-async-job-executor-thread-9154#
[DetectDeployedMtaStep] Getting applications by metadata label selector "mta_id=65fa49c0342158989315bad26468559a,!mta_namespace"...#
#2026 08 05 09:03:02.892#Z#DEBUG#7564f0ed-90ac-11f1-8dd2-eeee0a922324.OPERATION#flowable-async-job-executor-thread-9154#
[DetectDeployedMtaStep] Getting service instances by metadata label selector "mta_id=65fa49c0342158989315bad26468559a,!mta_namespace"...#
#2026 08 05 09:03:02.995#Z#DEBUG#7564f0ed-90ac-11f1-8dd2-eeee0a922324.OPERATION#flowable-async-job-executor-thread-9154#
[DetectDeployedMtaStep] Deployed MTA: {
  "metadata" : {
    "id" : "hr-app",
    "version" : "1.0.0"
  },
  "applications" : [ {
    "name" : "hr-app",
    "metadata" : {
      "guid" : "0fe9d8fa-1307-466c-994e-872d606b712d",
      "createdAt" : [ 2026, 7, 29, 11, 14, 43 ],
      "updatedAt" : [ 2026, 8, 5, 8, 44, 39 ]
    },
    "v3Metadata" : {
      "annotations" : {
        "mta_id" : "hr-app",
        "mta_version" : "1.0.0",
        "mta_module" : "{\"name\":\"hr-app\"}",
        "mta_module_provided_dependencies" : "[]",
        "mta_bound_services" : "********"
      },
      "labels" : {
        "mta_id" : "65fa49c0342158989315bad26468559a"
      }
    },
    "state" : "STARTED",
    "lifecycle" : {
      "type" : "BUILDPACK",
      "data" : {
        "stack" : "cflinuxfs4",
        "buildpacks" : [ ]
      }
    },
    "space" : {
      "name" : "dev",
      "metadata" : {
        "guid" : "99b52bb6-6dc9-4977-b132-939f31531839",
        "createdAt" : [ 2026, 7, 9, 7, 26, 17 ],
        "updatedAt" : [ 2026, 7, 9, 7, 26, 17 ]
      },
      "organization" : {
        "name" : "268a3369trial",
        "metadata" : {
          "guid" : "3abbfc99-9733-4563-ae5e-f403e91ab70f",
          "createdAt" : [ 2026, 7, 9, 7, 26, 15 ],
          "updatedAt" : [ 2026, 7, 9, 7, 26, 17 ]
        }
      }
    },
    "moduleName" : "hr-app",
    "boundMtaServices" : [ "********" ],
    "providedDependencyNames" : [ ],
    "productizationState" : "LIVE"
  }, {
    "name" : "hr-app-srv",
    "metadata" : {
      "guid" : "def38b6f-6a82-429a-a2e9-5780a6d478b6",
      "createdAt" : [ 2026, 7, 29, 11, 14, 44 ],
      "updatedAt" : [ 2026, 8, 5, 8, 44, 59 ]
    },
    "v3Metadata" : {
      "annotations" : {
        "mta_id" : "hr-app",
        "mta_version" : "1.0.0",
        "mta_module" : "{\"name\":\"hr-app-srv\"}",
        "mta_module_provided_dependencies" : "[]",
        "mta_bound_services" : "********"
      },
      "labels" : {
        "mta_id" : "65fa49c0342158989315bad26468559a"
      }
    },
    "state" : "STARTED",
    "lifecycle" : {
      "type" : "BUILDPACK",
      "data" : {
        "stack" : "cflinuxfs4",
        "buildpacks" : [ "nodejs_buildpack" ]
      }
    },
    "space" : {
      "name" : "dev",
      "metadata" : {
        "guid" : "99b52bb6-6dc9-4977-b132-939f31531839",
        "createdAt" : [ 2026, 7, 9, 7, 26, 17 ],
        "updatedAt" : [ 2026, 7, 9, 7, 26, 17 ]
      },
      "organization" : {
        "name" : "268a3369trial",
        "metadata" : {
          "guid" : "3abbfc99-9733-4563-ae5e-f403e91ab70f",
          "createdAt" : [ 2026, 7, 9, 7, 26, 15 ],
          "updatedAt" : [ 2026, 7, 9, 7, 26, 17 ]
        }
      }
    },
    "moduleName" : "hr-app-srv",
    "boundMtaServices" : [ "********", "hr-app-hdi" ],
    "providedDependencyNames" : [ ],
    "productizationState" : "LIVE"
  }, {
    "name" : "hr-app-db-deployer",
    "metadata" : {
      "guid" : "beeed844-a807-4ed8-a9f4-331b186edc29",
      "createdAt" : [ 2026, 7, 29, 11, 14, 45 ],
      "updatedAt" : [ 2026, 8, 5, 8, 44, 29 ]
    },
    "v3Metadata" : {
      "annotations" : {
        "mta_id" : "hr-app",
        "mta_version" : "1.0.0",
        "mta_module" : "{\"name\":\"hr-app-db-deployer\"}",
        "mta_module_provided_dependencies" : "[]",
        "mta_bound_services" : "[\"hr-app-hdi\"]"
      },
      "labels" : {
        "mta_id" : "65fa49c0342158989315bad26468559a"
      }
    },
    "state" : "STOPPED",
    "lifecycle" : {
      "type" : "BUILDPACK",
      "data" : {
        "stack" : "cflinuxfs4",
        "buildpacks" : [ "nodejs_buildpack" ]
      }
    },
    "space" : {
      "name" : "dev",
      "metadata" : {
        "guid" : "99b52bb6-6dc9-4977-b132-939f31531839",
        "createdAt" : [ 2026, 7, 9, 7, 26, 17 ],
        "updatedAt" : [ 2026, 7, 9, 7, 26, 17 ]
      },
      "organization" : {
        "name" : "268a3369trial",
        "metadata" : {
          "guid" : "3abbfc99-9733-4563-ae5e-f403e91ab70f",
          "createdAt" : [ 2026, 7, 9, 7, 26, 15 ],
          "updatedAt" : [ 2026, 7, 9, 7, 26, 17 ]
        }
      }
    },
    "moduleName" : "hr-app-db-deployer",
    "boundMtaServices" : [ "hr-app-hdi" ],
    "providedDependencyNames" : [ ],
    "productizationState" : "LIVE"
  } ],
  "services" : [ {
    "name" : "hr-app-hdi",
    "metadata" : {
      "guid" : "a93c530e-2303-4925-8b5c-e66224ac8dbe",
      "createdAt" : [ 2026, 7, 17, 12, 32, 47 ],
      "updatedAt" : [ 2026, 7, 29, 11, 14, 21 ]
    },
    "v3Metadata" : {
      "annotations" : {
        "mta_id" : "hr-app",
        "mta_version" : "1.0.0",
        "mta_resource" : "{\"name\":\"hr-app-hdi\"}"
      },
      "labels" : {
        "mta_id" : "65fa49c0342158989315bad26468559a"
      }
    },
    "label" : "hana",
    "plan" : "hdi-shared",
    "credentials" : "********",
    "tags" : [ ],
    "type" : "managed",
    "lastOperation" : {
      "type" : "UPDATE",
      "state" : "SUCCEEDED"
    },
    "resourceName" : "hr-app-hdi"
  }, {
    "name" : "********",
    "metadata" : {
      "guid" : "f47231f3-a503-48ae-ace6-6a7c830f6ef3",
      "createdAt" : [ 2026, 7, 29, 11, 14, 24 ],
      "updatedAt" : [ 2026, 7, 29, 11, 14, 27 ]
    },
    "v3Metadata" : {
      "annotations" : {
        "mta_id" : "hr-app",
        "mta_version" : "1.0.0",
        "mta_resource" : "********"
      },
      "labels" : {
        "mta_id" : "65fa49c0342158989315bad26468559a"
      }
    },
    "label" : "xsuaa",
    "plan" : "application",
    "credentials" : "********",
    "tags" : [ ],
    "type" : "managed",
    "lastOperation" : {
      "type" : "UPDATE",
      "description" : "",
      "state" : "SUCCEEDED"
    },
    "resourceName" : "********"
  } ]
}#
#2026 08 05 09:03:02.995#Z#INFO#7564f0ed-90ac-11f1-8dd2-eeee0a922324.OPERATION#flowable-async-job-executor-thread-9154#
[DetectDeployedMtaStep] Detected deployed MTA with ID "hr-app" and version "1.0.0"#
#2026 08 05 09:03:03.002#Z#DEBUG#7564f0ed-90ac-11f1-8dd2-eeee0a922324.OPERATION#flowable-async-job-executor-thread-9154#
[DetectDeployedMtaStep] Detecting backup mta by id "hr-app" and namespace "null"#
#2026 08 05 09:03:03.003#Z#DEBUG#7564f0ed-90ac-11f1-8dd2-eeee0a922324.OPERATION#flowable-async-job-executor-thread-9154#
[DetectDeployedMtaStep] Getting applications by metadata label selector "mta_id=65fa49c0342158989315bad26468559a,mta_namespace=b698114a0995e936895b9598a6c19a2c"...#
#2026 08 05 09:03:03.026#Z#DEBUG#7564f0ed-90ac-11f1-8dd2-eeee0a922324.OPERATION#flowable-async-job-executor-thread-9154#
[DetectDeployedMtaStep] Getting service instances by metadata label selector "mta_id=65fa49c0342158989315bad26468559a,mta_namespace=b698114a0995e936895b9598a6c19a2c"...#
#2026 08 05 09:03:03.078#Z#DEBUG#7564f0ed-90ac-11f1-8dd2-eeee0a922324.OPERATION#flowable-async-job-executor-thread-9154#
[DetectDeployedMtaStep] Deployed MTA service keys: [ ]#
#2026 08 05 09:03:03.078#Z#DEBUG#7564f0ed-90ac-11f1-8dd2-eeee0a922324.OPERATION#flowable-async-job-executor-thread-9154#
Step "Detect Deployed MTA" finished#
#2026 08 05 09:03:03.123#Z#DEBUG#7564f0ed-90ac-11f1-8dd2-eeee0a922324.OPERATION#flowable-async-job-executor-thread-9155#
[XS2CollectSystemParametersStep] Executing task "collectSystemParametersTask" of process "7564f113-90ac-11f1-8dd2-eeee0a922324"...#
#2026 08 05 09:03:03.124#Z#DEBUG#7564f0ed-90ac-11f1-8dd2-eeee0a922324.OPERATION#flowable-async-job-executor-thread-9155#
[XS2CollectSystemParametersStep] Collecting system parameters...#
#2026 08 05 09:03:03.125#Z#DEBUG#7564f0ed-90ac-11f1-8dd2-eeee0a922324.OPERATION#flowable-async-job-executor-thread-9155#
[XS2CollectSystemParametersStep] Getting default domain...#
#2026 08 05 09:03:03.162#Z#DEBUG#7564f0ed-90ac-11f1-8dd2-eeee0a922324.OPERATION#flowable-async-job-executor-thread-9155#
[XS2CollectSystemParametersStep] Default domain: cfapps.us10-001.hana.ondemand.com#
#2026 08 05 09:03:03.164#Z#DEBUG#7564f0ed-90ac-11f1-8dd2-eeee0a922324.OPERATION#flowable-async-job-executor-thread-9155#
[XS2CollectSystemParametersStep] Checking for overwriting read-only parameters for mta with id: "hr-app"#
#2026 08 05 09:03:03.164#Z#DEBUG#7564f0ed-90ac-11f1-8dd2-eeee0a922324.OPERATION#flowable-async-job-executor-thread-9155#
[XS2CollectSystemParametersStep] No read-only parameters are overwritten#
#2026 08 05 09:03:03.178#Z#DEBUG#7564f0ed-90ac-11f1-8dd2-eeee0a922324.OPERATION#flowable-async-job-executor-thread-9155#
[XS2CollectSystemParametersStep] Descriptor with system parameters: {
  "majorSchemaVersion" : 3,
  "schemaVersion" : "3.3.0",
  "id" : "hr-app",
  "version" : "1.0.0",
  "modules" : [ {
    "majorSchemaVersion" : 3,
    "name" : "hr-app-srv",
    "type" : "javascript.nodejs",
    "path" : "hr-app-srv",
    "properties" : { },
    "parameters" : {
      "default-url" : "${protocol}://${default-uri}",
      "default-app-name" : "hr-app-srv",
      "generated-password" : "********",
      "default-live-url" : "${protocol}://${default-live-uri}",
      "default-uri" : "${host}.${domain}",
      "default-instances" : 1,
      "default-live-host" : "268a3369trial-dev-hr-app-srv",
      "instances" : 1,
      "buildpack" : "nodejs_buildpack",
      "default-host" : "268a3369trial-dev-hr-app-srv",
      "app-name" : "${default-app-name}",
      "default-live-uri" : "268a3369trial-dev-hr-app-srv.${domain}",
      "protocol" : "https",
      "default-live-app-name" : "hr-app-srv",
      "default-live-domain" : "cfapps.us10-001.hana.ondemand.com",
      "domain" : "${default-domain}",
      "host" : "${default-host}",
      "generated-user" : "********"
    },
    "requiredDependencies" : [ {
      "majorSchemaVersion" : 3,
      "name" : "********",
      "properties" : { },
      "parameters" : { },
      "propertiesMetadata" : {
        "metadata" : { }
      },
      "parametersMetadata" : {
        "metadata" : { }
      }
    }, {
      "majorSchemaVersion" : 3,
      "name" : "hr-app-hdi",
      "properties" : { },
      "parameters" : { },
      "propertiesMetadata" : {
        "metadata" : { }
      },
      "parametersMetadata" : {
        "metadata" : { }
      }
    } ],
    "providedDependencies" : [ {
      "majorSchemaVersion" : 3,
      "name" : "srv-api",
      "isPublic" : false,
      "properties" : {
        "srv-url" : "${default-url}"
      },
      "parameters" : { },
      "propertiesMetadata" : {
        "metadata" : { }
      },
      "parametersMetadata" : {
        "metadata" : { }
      }
    }, {
      "majorSchemaVersion" : 3,
      "name" : "hr-app-srv",
      "isPublic" : false,
      "properties" : { },
      "parameters" : { },
      "propertiesMetadata" : {
        "metadata" : { }
      },
      "parametersMetadata" : {
        "metadata" : { }
      }
    } ],
    "propertiesMetadata" : {
      "metadata" : { }
    },
    "parametersMetadata" : {
      "metadata" : { }
    },
    "hooks" : [ ]
  }, {
    "majorSchemaVersion" : 3,
    "name" : "hr-app-db-deployer",
    "type" : "com.sap.xs.hdi",
    "path" : "hr-app-db-deployer",
    "properties" : {
      "EXIT" : 1
    },
    "parameters" : {
      "default-url" : "${protocol}://${default-uri}",
      "default-app-name" : "hr-app-db-deployer",
      "generated-password" : "********",
      "default-live-url" : "${protocol}://${default-live-uri}",
      "default-uri" : "${host}.${domain}",
      "memory" : "256M",
      "default-instances" : 1,
      "no-route" : true,
      "default-live-host" : "268a3369trial-dev-hr-app-db-deployer",
      "instances" : "${default-instances}",
      "buildpack" : "nodejs_buildpack",
      "default-host" : "268a3369trial-dev-hr-app-db-deployer",
      "app-name" : "${default-app-name}",
      "default-live-uri" : "268a3369trial-dev-hr-app-db-deployer.${domain}",
      "protocol" : "https",
      "default-live-app-name" : "hr-app-db-deployer",
      "default-live-domain" : "cfapps.us10-001.hana.ondemand.com",
      "dependency-type" : "hard",
      "domain" : "${default-domain}",
      "host" : "${default-host}",
      "generated-user" : "********",
      "tasks" : [ {
        "name" : "deploy",
        "memory" : "256M",
        "command" : "npm start"
      } ],
      "no-start" : true
    },
    "requiredDependencies" : [ {
      "majorSchemaVersion" : 3,
      "name" : "hr-app-hdi",
      "properties" : { },
      "parameters" : { },
      "propertiesMetadata" : {
        "metadata" : { }
      },
      "parametersMetadata" : {
        "metadata" : { }
      }
    } ],
    "providedDependencies" : [ {
      "majorSchemaVersion" : 3,
      "name" : "hr-app-db-deployer",
      "isPublic" : false,
      "properties" : { },
      "parameters" : { },
      "propertiesMetadata" : {
        "metadata" : { }
      },
      "parametersMetadata" : {
        "metadata" : { }
      }
    } ],
    "propertiesMetadata" : {
      "metadata" : { }
    },
    "parametersMetadata" : {
      "metadata" : { }
    },
    "hooks" : [ ]
  }, {
    "majorSchemaVersion" : 3,
    "name" : "hr-app",
    "type" : "javascript.nodejs",
    "path" : "hr-app",
    "properties" : { },
    "parameters" : {
      "default-url" : "${protocol}://${default-uri}",
      "default-app-name" : "hr-app",
      "generated-password" : "********",
      "default-live-url" : "${protocol}://${default-live-uri}",
      "default-uri" : "${host}.${domain}",
      "memory" : "256M",
      "default-instances" : 1,
      "default-live-host" : "268a3369trial-dev-hr-app",
      "instances" : "${default-instances}",
      "default-host" : "268a3369trial-dev-hr-app",
      "keep-existing-routes" : true,
      "app-name" : "${default-app-name}",
      "default-live-uri" : "268a3369trial-dev-hr-app.${domain}",
      "protocol" : "https",
      "default-live-app-name" : "hr-app",
      "default-live-domain" : "cfapps.us10-001.hana.ondemand.com",
      "disk-quota" : "256M",
      "domain" : "${default-domain}",
      "host" : "${default-host}",
      "generated-user" : "********"
    },
    "requiredDependencies" : [ {
      "majorSchemaVersion" : 3,
      "name" : "srv-api",
      "group" : "destinations",
      "properties" : {
        "name" : "srv-api",
        "forwardAuthToken" : "********",
        "url" : "~{srv-url}"
      },
      "parameters" : { },
      "propertiesMetadata" : {
        "metadata" : { }
      },
      "parametersMetadata" : {
        "metadata" : { }
      }
    }, {
      "majorSchemaVersion" : 3,
      "name" : "********",
      "properties" : { },
      "parameters" : { },
      "propertiesMetadata" : {
        "metadata" : { }
      },
      "parametersMetadata" : {
        "metadata" : { }
      }
    } ],
    "providedDependencies" : [ {
      "majorSchemaVersion" : 3,
      "name" : "app-api",
      "isPublic" : false,
      "properties" : {
        "app-protocol" : "${protocol}",
        "app-uri" : "${default-uri}"
      },
      "parameters" : { },
      "propertiesMetadata" : {
        "metadata" : { }
      },
      "parametersMetadata" : {
        "metadata" : { }
      }
    }, {
      "majorSchemaVersion" : 3,
      "name" : "hr-app",
      "isPublic" : false,
      "properties" : { },
      "parameters" : { },
      "propertiesMetadata" : {
        "metadata" : { }
      },
      "parametersMetadata" : {
        "metadata" : { }
      }
    } ],
    "propertiesMetadata" : {
      "metadata" : { }
    },
    "parametersMetadata" : {
      "metadata" : { }
    },
    "hooks" : [ ]
  } ],
  "resources" : [ {
    "majorSchemaVersion" : 3,
    "name" : "********",
    "type" : "org.cloudfoundry.managed-service",
    "properties" : { },
    "parameters" : {
      "generated-password" : "********",
      "path" : "./xs-security.json",
      "service-name" : "${default-service-name}",
      "service-plan" : "application",
      "service" : "xsuaa",
      "generated-user" : "********",
      "default-xsappname" : "********",
      "type" : "managed-service",
      "config" : {
        "oauth2-configuration" : "********",
        "tenant-mode" : "dedicated",
        "xsappname" : "hr-app-${org}-${space}"
      },
      "default-service-name" : "********",
      "default-container-name" : "********"
    },
    "isActive" : true,
    "isOptional" : false,
    "propertiesMetadata" : {
      "metadata" : { }
    },
    "parametersMetadata" : {
      "metadata" : { }
    },
    "requiredDependencies" : [ {
      "majorSchemaVersion" : 3,
      "name" : "app-api",
      "properties" : { },
      "parameters" : { },
      "propertiesMetadata" : {
        "metadata" : { }
      },
      "parametersMetadata" : {
        "metadata" : { }
      }
    } ],
    "processedAfter" : [ ]
  }, {
    "majorSchemaVersion" : 3,
    "name" : "hr-app-hdi",
    "type" : "com.sap.xs.hdi-container",
    "properties" : { },
    "parameters" : {
      "generated-password" : "********",
      "service-name" : "${default-service-name}",
      "service-plan" : "hdi-shared",
      "service" : "hana",
      "generated-user" : "********",
      "default-xsappname" : "hr-app-hdi",
      "type" : "managed-service",
      "default-service-name" : "hr-app-hdi",
      "default-container-name" : "268A3369TRIAL_DEV_HR_APP_HDI"
    },
    "isActive" : true,
    "isOptional" : false,
    "propertiesMetadata" : {
      "metadata" : { }
    },
    "parametersMetadata" : {
      "metadata" : { }
    },
    "requiredDependencies" : [ ],
    "processedAfter" : [ ]
  } ],
  "parameters" : {
    "mta-id" : "hr-app",
    "authorization-url" : "********",
    "org-guid" : "3abbfc99-9733-4563-ae5e-f403e91ab70f",
    "org" : "268a3369trial",
    "deploy-target" : "268a3369trial dev",
    "enable-parallel-deployments" : true,
    "space" : "dev",
    "xs-api-url" : "https://api.cf.us10-001.hana.ondemand.com",
    "deploy-url" : "deploy-service.cfapps.us10-001.hana.ondemand.com",
    "xs-type" : "CF",
    "default-domain" : "cfapps.us10-001.hana.ondemand.com",
    "mta-version" : "1.0.0",
    "xs-auth-url" : "********",
    "space-guid" : "99b52bb6-6dc9-4977-b132-939f31531839",
    "user" : "********",
    "controller-url" : "https://api.cf.us10-001.hana.ondemand.com",
    "timestamp" : "20260805090300"
  },
  "parametersMetadata" : {
    "metadata" : { }
  }
}#
#2026 08 05 09:03:03.181#Z#DEBUG#7564f0ed-90ac-11f1-8dd2-eeee0a922324.OPERATION#flowable-async-job-executor-thread-9155#
[XS2CollectSystemParametersStep] Version rule: SAME_HIGHER#
#2026 08 05 09:03:03.181#Z#INFO#7564f0ed-90ac-11f1-8dd2-eeee0a922324.OPERATION#flowable-async-job-executor-thread-9155#
[XS2CollectSystemParametersStep] Detected new MTA version: "1.0.0"#
#2026 08 05 09:03:03.187#Z#INFO#7564f0ed-90ac-11f1-8dd2-eeee0a922324.OPERATION#flowable-async-job-executor-thread-9155#
[XS2CollectSystemParametersStep] Deployed MTA version: "1.0.0"#
#2026 08 05 09:03:03.191#Z#DEBUG#7564f0ed-90ac-11f1-8dd2-eeee0a922324.OPERATION#flowable-async-job-executor-thread-9155#
[XS2CollectSystemParametersStep] MTA accepted for deployment#
#2026 08 05 09:03:03.192#Z#DEBUG#7564f0ed-90ac-11f1-8dd2-eeee0a922324.OPERATION#flowable-async-job-executor-thread-9155#
[XS2CollectSystemParametersStep] System parameters collected#
#2026 08 05 09:03:03.192#Z#DEBUG#7564f0ed-90ac-11f1-8dd2-eeee0a922324.OPERATION#flowable-async-job-executor-thread-9155#
Step "Collect System Parameters" finished#
#2026 08 05 09:03:03.240#Z#DEBUG#7564f0ed-90ac-11f1-8dd2-eeee0a922324.OPERATION#flowable-async-job-executor-thread-9148#
[ProcessDescriptorStep] Executing task "processDescriptorTask" of process "7564f113-90ac-11f1-8dd2-eeee0a922324"...#
#2026 08 05 09:03:03.241#Z#DEBUG#7564f0ed-90ac-11f1-8dd2-eeee0a922324.OPERATION#flowable-async-job-executor-thread-9148#
[ProcessDescriptorStep] Resolving properties and parameters in merged descriptor...#
#2026 08 05 09:03:03.249#Z#DEBUG#7564f0ed-90ac-11f1-8dd2-eeee0a922324.OPERATION#flowable-async-job-executor-thread-9148#
[ProcessDescriptorStep] Subscriptions: [ ]#
#2026 08 05 09:03:03.249#Z#DEBUG#7564f0ed-90ac-11f1-8dd2-eeee0a922324.OPERATION#flowable-async-job-executor-thread-9148#
[ProcessDescriptorStep] MTA modules: [hr-app-srv, hr-app, hr-app-db-deployer]#
#2026 08 05 09:03:03.250#Z#DEBUG#7564f0ed-90ac-11f1-8dd2-eeee0a922324.OPERATION#flowable-async-job-executor-thread-9148#
[ProcessDescriptorStep] Resolved deployment descriptor: {
  "majorSchemaVersion" : 3,
  "schemaVersion" : "3.3.0",
  "id" : "hr-app",
  "version" : "1.0.0",
  "modules" : [ {
    "majorSchemaVersion" : 3,
    "name" : "hr-app-srv",
    "type" : "javascript.nodejs",
    "path" : "hr-app-srv",
    "properties" : { },
    "parameters" : {
      "default-url" : "https://268a3369trial-dev-hr-app-srv.cfapps.us10-001.hana.ondemand.com",
      "default-app-name" : "hr-app-srv",
      "generated-password" : "********",
      "default-live-url" : "https://268a3369trial-dev-hr-app-srv.cfapps.us10-001.hana.ondemand.com",
      "default-uri" : "268a3369trial-dev-hr-app-srv.cfapps.us10-001.hana.ondemand.com",
      "default-instances" : 1,
      "default-live-host" : "268a3369trial-dev-hr-app-srv",
      "instances" : 1,
      "buildpack" : "nodejs_buildpack",
      "default-host" : "268a3369trial-dev-hr-app-srv",
      "app-name" : "hr-app-srv",
      "default-live-uri" : "268a3369trial-dev-hr-app-srv.cfapps.us10-001.hana.ondemand.com",
      "protocol" : "https",
      "default-live-app-name" : "hr-app-srv",
      "default-live-domain" : "cfapps.us10-001.hana.ondemand.com",
      "domain" : "cfapps.us10-001.hana.ondemand.com",
      "host" : "268a3369trial-dev-hr-app-srv",
      "generated-user" : "********"
    },
    "requiredDependencies" : [ {
      "majorSchemaVersion" : 3,
      "name" : "********",
      "properties" : { },
      "parameters" : { },
      "propertiesMetadata" : {
        "metadata" : { }
      },
      "parametersMetadata" : {
        "metadata" : { }
      }
    }, {
      "majorSchemaVersion" : 3,
      "name" : "hr-app-hdi",
      "properties" : { },
      "parameters" : { },
      "propertiesMetadata" : {
        "metadata" : { }
      },
      "parametersMetadata" : {
        "metadata" : { }
      }
    } ],
    "providedDependencies" : [ {
      "majorSchemaVersion" : 3,
      "name" : "srv-api",
      "isPublic" : false,
      "properties" : {
        "srv-url" : "https://268a3369trial-dev-hr-app-srv.cfapps.us10-001.hana.ondemand.com"
      },
      "parameters" : { },
      "propertiesMetadata" : {
        "metadata" : { }
      },
      "parametersMetadata" : {
        "metadata" : { }
      }
    }, {
      "majorSchemaVersion" : 3,
      "name" : "hr-app-srv",
      "isPublic" : false,
      "properties" : { },
      "parameters" : { },
      "propertiesMetadata" : {
        "metadata" : { }
      },
      "parametersMetadata" : {
        "metadata" : { }
      }
    } ],
    "propertiesMetadata" : {
      "metadata" : { }
    },
    "parametersMetadata" : {
      "metadata" : { }
    },
    "hooks" : [ ]
  }, {
    "majorSchemaVersion" : 3,
    "name" : "hr-app-db-deployer",
    "type" : "com.sap.xs.hdi",
    "path" : "hr-app-db-deployer",
    "properties" : {
      "EXIT" : 1
    },
    "parameters" : {
      "default-url" : "https://268a3369trial-dev-hr-app-db-deployer.cfapps.us10-001.hana.ondemand.com",
      "default-app-name" : "hr-app-db-deployer",
      "generated-password" : "********",
      "default-live-url" : "https://268a3369trial-dev-hr-app-db-deployer.cfapps.us10-001.hana.ondemand.com",
      "default-uri" : "268a3369trial-dev-hr-app-db-deployer.cfapps.us10-001.hana.ondemand.com",
      "memory" : "256M",
      "default-instances" : 1,
      "no-route" : true,
      "default-live-host" : "268a3369trial-dev-hr-app-db-deployer",
      "instances" : 1,
      "buildpack" : "nodejs_buildpack",
      "default-host" : "268a3369trial-dev-hr-app-db-deployer",
      "app-name" : "hr-app-db-deployer",
      "default-live-uri" : "268a3369trial-dev-hr-app-db-deployer.cfapps.us10-001.hana.ondemand.com",
      "protocol" : "https",
      "default-live-app-name" : "hr-app-db-deployer",
      "default-live-domain" : "cfapps.us10-001.hana.ondemand.com",
      "dependency-type" : "hard",
      "domain" : "cfapps.us10-001.hana.ondemand.com",
      "host" : "268a3369trial-dev-hr-app-db-deployer",
      "generated-user" : "********",
      "tasks" : [ {
        "command" : "npm start",
        "memory" : "256M",
        "name" : "deploy"
      } ],
      "no-start" : true
    },
    "requiredDependencies" : [ {
      "majorSchemaVersion" : 3,
      "name" : "hr-app-hdi",
      "properties" : { },
      "parameters" : { },
      "propertiesMetadata" : {
        "metadata" : { }
      },
      "parametersMetadata" : {
        "metadata" : { }
      }
    } ],
    "providedDependencies" : [ {
      "majorSchemaVersion" : 3,
      "name" : "hr-app-db-deployer",
      "isPublic" : false,
      "properties" : { },
      "parameters" : { },
      "propertiesMetadata" : {
        "metadata" : { }
      },
      "parametersMetadata" : {
        "metadata" : { }
      }
    } ],
    "propertiesMetadata" : {
      "metadata" : { }
    },
    "parametersMetadata" : {
      "metadata" : { }
    },
    "hooks" : [ ]
  }, {
    "majorSchemaVersion" : 3,
    "name" : "hr-app",
    "type" : "javascript.nodejs",
    "path" : "hr-app",
    "properties" : { },
    "parameters" : {
      "default-url" : "https://268a3369trial-dev-hr-app.cfapps.us10-001.hana.ondemand.com",
      "default-app-name" : "hr-app",
      "generated-password" : "********",
      "default-live-url" : "https://268a3369trial-dev-hr-app.cfapps.us10-001.hana.ondemand.com",
      "default-uri" : "268a3369trial-dev-hr-app.cfapps.us10-001.hana.ondemand.com",
      "memory" : "256M",
      "default-instances" : 1,
      "default-live-host" : "268a3369trial-dev-hr-app",
      "instances" : 1,
      "default-host" : "268a3369trial-dev-hr-app",
      "keep-existing-routes" : true,
      "app-name" : "hr-app",
      "default-live-uri" : "268a3369trial-dev-hr-app.cfapps.us10-001.hana.ondemand.com",
      "protocol" : "https",
      "default-live-app-name" : "hr-app",
      "default-live-domain" : "cfapps.us10-001.hana.ondemand.com",
      "disk-quota" : "256M",
      "domain" : "cfapps.us10-001.hana.ondemand.com",
      "host" : "268a3369trial-dev-hr-app",
      "generated-user" : "********"
    },
    "requiredDependencies" : [ {
      "majorSchemaVersion" : 3,
      "name" : "srv-api",
      "group" : "destinations",
      "properties" : {
        "name" : "srv-api",
        "forwardAuthToken" : "********",
        "url" : "https://268a3369trial-dev-hr-app-srv.cfapps.us10-001.hana.ondemand.com"
      },
      "parameters" : { },
      "propertiesMetadata" : {
        "metadata" : { }
      },
      "parametersMetadata" : {
        "metadata" : { }
      }
    }, {
      "majorSchemaVersion" : 3,
      "name" : "********",
      "properties" : { },
      "parameters" : { },
      "propertiesMetadata" : {
        "metadata" : { }
      },
      "parametersMetadata" : {
        "metadata" : { }
      }
    } ],
    "providedDependencies" : [ {
      "majorSchemaVersion" : 3,
      "name" : "app-api",
      "isPublic" : false,
      "properties" : {
        "app-protocol" : "https",
        "app-uri" : "268a3369trial-dev-hr-app.cfapps.us10-001.hana.ondemand.com"
      },
      "parameters" : { },
      "propertiesMetadata" : {
        "metadata" : { }
      },
      "parametersMetadata" : {
        "metadata" : { }
      }
    }, {
      "majorSchemaVersion" : 3,
      "name" : "hr-app",
      "isPublic" : false,
      "properties" : { },
      "parameters" : { },
      "propertiesMetadata" : {
        "metadata" : { }
      },
      "parametersMetadata" : {
        "metadata" : { }
      }
    } ],
    "propertiesMetadata" : {
      "metadata" : { }
    },
    "parametersMetadata" : {
      "metadata" : { }
    },
    "hooks" : [ ]
  } ],
  "resources" : [ {
    "majorSchemaVersion" : 3,
    "name" : "********",
    "type" : "org.cloudfoundry.managed-service",
    "properties" : { },
    "parameters" : {
      "generated-password" : "********",
      "path" : "./xs-security.json",
      "service-name" : "********",
      "service-plan" : "application",
      "service" : "xsuaa",
      "generated-user" : "********",
      "default-xsappname" : "********",
      "type" : "managed-service",
      "config" : {
        "oauth2-configuration" : "********",
        "tenant-mode" : "dedicated",
        "xsappname" : "hr-app-268a3369trial-dev"
      },
      "default-service-name" : "********",
      "default-container-name" : "********"
    },
    "isActive" : true,
    "isOptional" : false,
    "propertiesMetadata" : {
      "metadata" : { }
    },
    "parametersMetadata" : {
      "metadata" : { }
    },
    "requiredDependencies" : [ {
      "majorSchemaVersion" : 3,
      "name" : "app-api",
      "properties" : { },
      "parameters" : { },
      "propertiesMetadata" : {
        "metadata" : { }
      },
      "parametersMetadata" : {
        "metadata" : { }
      }
    } ],
    "processedAfter" : [ ]
  }, {
    "majorSchemaVersion" : 3,
    "name" : "hr-app-hdi",
    "type" : "com.sap.xs.hdi-container",
    "properties" : { },
    "parameters" : {
      "generated-password" : "********",
      "service-name" : "hr-app-hdi",
      "service-plan" : "hdi-shared",
      "service" : "hana",
      "generated-user" : "********",
      "default-xsappname" : "hr-app-hdi",
      "type" : "managed-service",
      "default-service-name" : "hr-app-hdi",
      "default-container-name" : "268A3369TRIAL_DEV_HR_APP_HDI"
    },
    "isActive" : true,
    "isOptional" : false,
    "propertiesMetadata" : {
      "metadata" : { }
    },
    "parametersMetadata" : {
      "metadata" : { }
    },
    "requiredDependencies" : [ ],
    "processedAfter" : [ ]
  } ],
  "parameters" : {
    "mta-id" : "hr-app",
    "authorization-url" : "********",
    "org-guid" : "3abbfc99-9733-4563-ae5e-f403e91ab70f",
    "org" : "268a3369trial",
    "deploy-target" : "268a3369trial dev",
    "enable-parallel-deployments" : true,
    "region-primary-domain" : "us10.hana.ondemand.com",
    "space" : "dev",
    "region-domain" : "us10-001.hana.ondemand.com",
    "xs-api-url" : "https://api.cf.us10-001.hana.ondemand.com",
    "deploy-url" : "deploy-service.cfapps.us10-001.hana.ondemand.com",
    "xs-type" : "CF",
    "default-domain" : "cfapps.us10-001.hana.ondemand.com",
    "mta-version" : "1.0.0",
    "xs-auth-url" : "********",
    "space-guid" : "99b52bb6-6dc9-4977-b132-939f31531839",
    "user" : "********",
    "controller-url" : "https://api.cf.us10-001.hana.ondemand.com",
    "timestamp" : "20260805090300"
  },
  "parametersMetadata" : {
    "metadata" : { }
  }
}#
#2026 08 05 09:03:03.250#Z#DEBUG#7564f0ed-90ac-11f1-8dd2-eeee0a922324.OPERATION#flowable-async-job-executor-thread-9148#
[ProcessDescriptorStep] Merged descriptor properties and parameters resolved#
#2026 08 05 09:03:03.250#Z#DEBUG#7564f0ed-90ac-11f1-8dd2-eeee0a922324.OPERATION#flowable-async-job-executor-thread-9148#
Step "Process Descriptor Step" finished#
#2026 08 05 09:03:03.293#Z#DEBUG#7564f0ed-90ac-11f1-8dd2-eeee0a922324.OPERATION#flowable-async-job-executor-thread-9149#
[XS2BuildCloudDeployModelStep] Executing task "buildDeployModelTask" of process "7564f113-90ac-11f1-8dd2-eeee0a922324"...#
#2026 08 05 09:03:03.296#Z#DEBUG#7564f0ed-90ac-11f1-8dd2-eeee0a922324.OPERATION#flowable-async-job-executor-thread-9149#
[XS2BuildCloudDeployModelStep] Service keys defined for content deployment grouped by service name: { }#
#2026 08 05 09:03:03.296#Z#DEBUG#7564f0ed-90ac-11f1-8dd2-eeee0a922324.OPERATION#flowable-async-job-executor-thread-9149#
[XS2BuildCloudDeployModelStep] Building cloud deployment model...#
#2026 08 05 09:03:03.298#Z#DEBUG#7564f0ed-90ac-11f1-8dd2-eeee0a922324.OPERATION#flowable-async-job-executor-thread-9149#
[XS2BuildCloudDeployModelStep] MTA archive modules: [hr-app-srv, hr-app, hr-app-db-deployer]#
#2026 08 05 09:03:03.298#Z#DEBUG#7564f0ed-90ac-11f1-8dd2-eeee0a922324.OPERATION#flowable-async-job-executor-thread-9149#
[XS2BuildCloudDeployModelStep] Deployed modules: [hr-app, hr-app-db-deployer, hr-app-srv]#
#2026 08 05 09:03:03.299#Z#DEBUG#7564f0ed-90ac-11f1-8dd2-eeee0a922324.OPERATION#flowable-async-job-executor-thread-9149#
[XS2BuildCloudDeployModelStep] MTA modules: [hr-app-srv, hr-app, hr-app-db-deployer]#
#2026 08 05 09:03:03.299#Z#DEBUG#7564f0ed-90ac-11f1-8dd2-eeee0a922324.OPERATION#flowable-async-job-executor-thread-9149#
[XS2BuildCloudDeployModelStep] Service keys to create: {
  "hr-app-auth" : "********",
  "hr-app-hdi" : [ ]
}#
#2026 08 05 09:03:03.300#Z#DEBUG#7564f0ed-90ac-11f1-8dd2-eeee0a922324.OPERATION#flowable-async-job-executor-thread-9149#
[XS2BuildCloudDeployModelStep] Modules to deploy: [{
  "majorSchemaVersion" : 3,
  "name" : "hr-app-srv",
  "type" : "javascript.nodejs",
  "path" : "hr-app-srv",
  "properties" : { },
  "parameters" : {
    "default-url" : "https://268a3369trial-dev-hr-app-srv.cfapps.us10-001.hana.ondemand.com",
    "default-app-name" : "hr-app-srv",
    "generated-password" : "********",
    "default-live-url" : "https://268a3369trial-dev-hr-app-srv.cfapps.us10-001.hana.ondemand.com",
    "default-uri" : "268a3369trial-dev-hr-app-srv.cfapps.us10-001.hana.ondemand.com",
    "default-instances" : 1,
    "default-live-host" : "268a3369trial-dev-hr-app-srv",
    "instances" : 1,
    "buildpack" : "nodejs_buildpack",
    "default-host" : "268a3369trial-dev-hr-app-srv",
    "app-name" : "hr-app-srv",
    "default-live-uri" : "268a3369trial-dev-hr-app-srv.cfapps.us10-001.hana.ondemand.com",
    "protocol" : "https",
    "default-live-app-name" : "hr-app-srv",
    "default-live-domain" : "cfapps.us10-001.hana.ondemand.com",
    "dependency-type" : "soft",
    "domain" : "cfapps.us10-001.hana.ondemand.com",
    "host" : "268a3369trial-dev-hr-app-srv",
    "generated-user" : "********"
  },
  "requiredDependencies" : [ {
    "majorSchemaVersion" : 3,
    "name" : "********",
    "properties" : { },
    "parameters" : { },
    "propertiesMetadata" : {
      "metadata" : { }
    },
    "parametersMetadata" : {
      "metadata" : { }
    }
  }, {
    "majorSchemaVersion" : 3,
    "name" : "hr-app-hdi",
    "properties" : { },
    "parameters" : { },
    "propertiesMetadata" : {
      "metadata" : { }
    },
    "parametersMetadata" : {
      "metadata" : { }
    }
  } ],
  "providedDependencies" : [ {
    "majorSchemaVersion" : 3,
    "name" : "srv-api",
    "isPublic" : false,
    "properties" : {
      "srv-url" : "https://268a3369trial-dev-hr-app-srv.cfapps.us10-001.hana.ondemand.com"
    },
    "parameters" : { },
    "propertiesMetadata" : {
      "metadata" : { }
    },
    "parametersMetadata" : {
      "metadata" : { }
    }
  }, {
    "majorSchemaVersion" : 3,
    "name" : "hr-app-srv",
    "isPublic" : false,
    "properties" : { },
    "parameters" : { },
    "propertiesMetadata" : {
      "metadata" : { }
    },
    "parametersMetadata" : {
      "metadata" : { }
    }
  } ],
  "propertiesMetadata" : {
    "metadata" : { }
  },
  "parametersMetadata" : {
    "metadata" : { }
  },
  "deployedAfter" : [ ],
  "hooks" : [ ]
}, {
  "majorSchemaVersion" : 3,
  "name" : "hr-app-db-deployer",
  "type" : "com.sap.xs.hdi",
  "path" : "hr-app-db-deployer",
  "properties" : {
    "EXIT" : 1
  },
  "parameters" : {
    "default-url" : "https://268a3369trial-dev-hr-app-db-deployer.cfapps.us10-001.hana.ondemand.com",
    "default-app-name" : "hr-app-db-deployer",
    "generated-password" : "********",
    "default-live-url" : "https://268a3369trial-dev-hr-app-db-deployer.cfapps.us10-001.hana.ondemand.com",
    "default-uri" : "268a3369trial-dev-hr-app-db-deployer.cfapps.us10-001.hana.ondemand.com",
    "memory" : "256M",
    "default-instances" : 1,
    "no-route" : true,
    "default-live-host" : "268a3369trial-dev-hr-app-db-deployer",
    "instances" : 1,
    "buildpack" : "nodejs_buildpack",
    "default-host" : "268a3369trial-dev-hr-app-db-deployer",
    "app-name" : "hr-app-db-deployer",
    "default-live-uri" : "268a3369trial-dev-hr-app-db-deployer.cfapps.us10-001.hana.ondemand.com",
    "protocol" : "https",
    "default-live-app-name" : "hr-app-db-deployer",
    "default-live-domain" : "cfapps.us10-001.hana.ondemand.com",
    "dependency-type" : "hard",
    "domain" : "cfapps.us10-001.hana.ondemand.com",
    "host" : "268a3369trial-dev-hr-app-db-deployer",
    "generated-user" : "********",
    "tasks" : [ {
      "command" : "npm start",
      "memory" : "256M",
      "name" : "deploy"
    } ],
    "no-start" : true
  },
  "requiredDependencies" : [ {
    "majorSchemaVersion" : 3,
    "name" : "hr-app-hdi",
    "properties" : { },
    "parameters" : { },
    "propertiesMetadata" : {
      "metadata" : { }
    },
    "parametersMetadata" : {
      "metadata" : { }
    }
  } ],
  "providedDependencies" : [ {
    "majorSchemaVersion" : 3,
    "name" : "hr-app-db-deployer",
    "isPublic" : false,
    "properties" : { },
    "parameters" : { },
    "propertiesMetadata" : {
      "metadata" : { }
    },
    "parametersMetadata" : {
      "metadata" : { }
    }
  } ],
  "propertiesMetadata" : {
    "metadata" : { }
  },
  "parametersMetadata" : {
    "metadata" : { }
  },
  "deployedAfter" : [ ],
  "hooks" : [ ]
}, {
  "majorSchemaVersion" : 3,
  "name" : "hr-app",
  "type" : "javascript.nodejs",
  "path" : "hr-app",
  "properties" : { },
  "parameters" : {
    "default-url" : "https://268a3369trial-dev-hr-app.cfapps.us10-001.hana.ondemand.com",
    "default-app-name" : "hr-app",
    "generated-password" : "********",
    "default-live-url" : "https://268a3369trial-dev-hr-app.cfapps.us10-001.hana.ondemand.com",
    "default-uri" : "268a3369trial-dev-hr-app.cfapps.us10-001.hana.ondemand.com",
    "memory" : "256M",
    "default-instances" : 1,
    "default-live-host" : "268a3369trial-dev-hr-app",
    "instances" : 1,
    "default-host" : "268a3369trial-dev-hr-app",
    "keep-existing-routes" : true,
    "app-name" : "hr-app",
    "default-live-uri" : "268a3369trial-dev-hr-app.cfapps.us10-001.hana.ondemand.com",
    "protocol" : "https",
    "default-live-app-name" : "hr-app",
    "default-live-domain" : "cfapps.us10-001.hana.ondemand.com",
    "disk-quota" : "256M",
    "dependency-type" : "soft",
    "domain" : "cfapps.us10-001.hana.ondemand.com",
    "host" : "268a3369trial-dev-hr-app",
    "generated-user" : "********"
  },
  "requiredDependencies" : [ {
    "majorSchemaVersion" : 3,
    "name" : "srv-api",
    "group" : "destinations",
    "properties" : {
      "name" : "srv-api",
      "forwardAuthToken" : "********",
      "url" : "https://268a3369trial-dev-hr-app-srv.cfapps.us10-001.hana.ondemand.com"
    },
    "parameters" : { },
    "propertiesMetadata" : {
      "metadata" : { }
    },
    "parametersMetadata" : {
      "metadata" : { }
    }
  }, {
    "majorSchemaVersion" : 3,
    "name" : "********",
    "properties" : { },
    "parameters" : { },
    "propertiesMetadata" : {
      "metadata" : { }
    },
    "parametersMetadata" : {
      "metadata" : { }
    }
  } ],
  "providedDependencies" : [ {
    "majorSchemaVersion" : 3,
    "name" : "app-api",
    "isPublic" : false,
    "properties" : {
      "app-protocol" : "https",
      "app-uri" : "268a3369trial-dev-hr-app.cfapps.us10-001.hana.ondemand.com"
    },
    "parameters" : { },
    "propertiesMetadata" : {
      "metadata" : { }
    },
    "parametersMetadata" : {
      "metadata" : { }
    }
  }, {
    "majorSchemaVersion" : 3,
    "name" : "hr-app",
    "isPublic" : false,
    "properties" : { },
    "parameters" : { },
    "propertiesMetadata" : {
      "metadata" : { }
    },
    "parametersMetadata" : {
      "metadata" : { }
    }
  } ],
  "propertiesMetadata" : {
    "metadata" : { }
  },
  "parametersMetadata" : {
    "metadata" : { }
  },
  "deployedAfter" : [ ],
  "hooks" : [ ]
}]#
#2026 08 05 09:03:03.300#Z#DEBUG#7564f0ed-90ac-11f1-8dd2-eeee0a922324.OPERATION#flowable-async-job-executor-thread-9149#
[XS2BuildCloudDeployModelStep] Custom domains: []#
#2026 08 05 09:03:03.302#Z#DEBUG#7564f0ed-90ac-11f1-8dd2-eeee0a922324.OPERATION#flowable-async-job-executor-thread-9149#
[XS2BuildCloudDeployModelStep] Calculating resource batches...#
#2026 08 05 09:03:03.303#Z#DEBUG#7564f0ed-90ac-11f1-8dd2-eeee0a922324.OPERATION#flowable-async-job-executor-thread-9149#
[XS2BuildCloudDeployModelStep] Calculating resource batches completed.#
#2026 08 05 09:03:03.303#Z#DEBUG#7564f0ed-90ac-11f1-8dd2-eeee0a922324.OPERATION#flowable-async-job-executor-thread-9149#
[XS2BuildCloudDeployModelStep] Cloud deployment model built#
#2026 08 05 09:03:03.303#Z#DEBUG#7564f0ed-90ac-11f1-8dd2-eeee0a922324.OPERATION#flowable-async-job-executor-thread-9149#
Step "Build Deploy Model" finished#
#2026 08 05 09:03:03.343#Z#DEBUG#7564f0ed-90ac-11f1-8dd2-eeee0a922324.OPERATION#flowable-async-job-executor-thread-9149#
[BuildCloudUndeployModelStep] Executing task "buildUndeployModelTask" of process "7564f113-90ac-11f1-8dd2-eeee0a922324"...#
#2026 08 05 09:03:03.344#Z#DEBUG#7564f0ed-90ac-11f1-8dd2-eeee0a922324.OPERATION#flowable-async-job-executor-thread-9149#
[BuildCloudUndeployModelStep] Building cloud undeployment model...#
#2026 08 05 09:03:03.347#Z#DEBUG#7564f0ed-90ac-11f1-8dd2-eeee0a922324.OPERATION#flowable-async-job-executor-thread-9149#
[BuildCloudUndeployModelStep] Detecting service keys to delete.#
#2026 08 05 09:03:03.347#Z#DEBUG#7564f0ed-90ac-11f1-8dd2-eeee0a922324.OPERATION#flowable-async-job-executor-thread-9149#
[BuildCloudUndeployModelStep] No deployed service keys detected!#
#2026 08 05 09:03:03.347#Z#DEBUG#7564f0ed-90ac-11f1-8dd2-eeee0a922324.OPERATION#flowable-async-job-executor-thread-9149#
[BuildCloudUndeployModelStep] Detected service keys to delete "[]"#
#2026 08 05 09:03:03.352#Z#DEBUG#7564f0ed-90ac-11f1-8dd2-eeee0a922324.OPERATION#flowable-async-job-executor-thread-9149#
[BuildCloudUndeployModelStep] MTA modules: [hr-app-srv, hr-app, hr-app-db-deployer]#
#2026 08 05 09:03:03.352#Z#DEBUG#7564f0ed-90ac-11f1-8dd2-eeee0a922324.OPERATION#flowable-async-job-executor-thread-9149#
[BuildCloudUndeployModelStep] Modules to undeploy: [ ]#
#2026 08 05 09:03:03.352#Z#DEBUG#7564f0ed-90ac-11f1-8dd2-eeee0a922324.OPERATION#flowable-async-job-executor-thread-9149#
[BuildCloudUndeployModelStep] Modules that won't be changed: [ ]#
#2026 08 05 09:03:03.354#Z#DEBUG#7564f0ed-90ac-11f1-8dd2-eeee0a922324.OPERATION#flowable-async-job-executor-thread-9149#
[BuildCloudUndeployModelStep] Subscriptions to delete: [ ]#
#2026 08 05 09:03:03.355#Z#DEBUG#7564f0ed-90ac-11f1-8dd2-eeee0a922324.OPERATION#flowable-async-job-executor-thread-9149#
[BuildCloudUndeployModelStep] Cloud services to delete: []#
#2026 08 05 09:03:03.355#Z#DEBUG#7564f0ed-90ac-11f1-8dd2-eeee0a922324.OPERATION#flowable-async-job-executor-thread-9149#
[BuildCloudUndeployModelStep] Cloud applications to undeploy: [ ]#
#2026 08 05 09:03:03.358#Z#DEBUG#7564f0ed-90ac-11f1-8dd2-eeee0a922324.OPERATION#flowable-async-job-executor-thread-9149#
[BuildCloudUndeployModelStep] Cloud undeployment model built#
#2026 08 05 09:03:03.358#Z#DEBUG#7564f0ed-90ac-11f1-8dd2-eeee0a922324.OPERATION#flowable-async-job-executor-thread-9149#
Step "Build Undeploy Model" finished#
#2026 08 05 09:03:03.396#Z#DEBUG#7564f0ed-90ac-11f1-8dd2-eeee0a922324.OPERATION#flowable-async-job-executor-thread-9149#
[AddDomainsStep] Executing task "addDomainsTask" of process "7564f113-90ac-11f1-8dd2-eeee0a922324"...#
#2026 08 05 09:03:03.398#Z#DEBUG#7564f0ed-90ac-11f1-8dd2-eeee0a922324.OPERATION#flowable-async-job-executor-thread-9149#
[AddDomainsStep] Custom domains: []#
#2026 08 05 09:03:03.398#Z#DEBUG#7564f0ed-90ac-11f1-8dd2-eeee0a922324.OPERATION#flowable-async-job-executor-thread-9149#
Step "Add Domains" finished#
#2026 08 05 09:03:03.540#Z#DEBUG#7564f0ed-90ac-11f1-8dd2-eeee0a922324.OPERATION#flowable-async-job-executor-thread-9152#
[ExtractBatchedServicesWithResolvedDynamicParametersStep] Executing task "prepareModulesDeploymentTask" of process "77410329-90ac-11f1-8dd2-eeee0a922324"...#
#2026 08 05 09:03:03.542#Z#DEBUG#7564f0ed-90ac-11f1-8dd2-eeee0a922324.OPERATION#flowable-async-job-executor-thread-9152#
[ExtractBatchedServicesWithResolvedDynamicParametersStep] Extracting services and resolving dynamic parameters from batch#
#2026 08 05 09:03:03.543#Z#DEBUG#7564f0ed-90ac-11f1-8dd2-eeee0a922324.OPERATION#flowable-async-job-executor-thread-9152#
[ExtractBatchedServicesWithResolvedDynamicParametersStep] Services to create: [ {
  "isOptional" : false,
  "isManaged" : true,
  "name" : "********",
  "v3Metadata" : {
    "annotations" : {
      "mta_id" : "hr-app",
      "mta_version" : "1.0.0",
      "mta_resource" : "********"
    },
    "labels" : {
      "mta_id" : "65fa49c0342158989315bad26468559a"
    }
  },
  "label" : "xsuaa",
  "plan" : "application",
  "credentials" : "********",
  "tags" : [ ],
  "type" : "managed",
  "resourceName" : "********",
  "shouldSkipParametersUpdate" : false,
  "shouldSkipPlanUpdate" : false,
  "shouldSkipTagsUpdate" : false,
  "shouldSkipSyslogUrlUpdate" : false
}, {
  "isOptional" : false,
  "isManaged" : true,
  "name" : "hr-app-hdi",
  "v3Metadata" : {
    "annotations" : {
      "mta_id" : "hr-app",
      "mta_version" : "1.0.0",
      "mta_resource" : "{\"name\":\"hr-app-hdi\"}"
    },
    "labels" : {
      "mta_id" : "65fa49c0342158989315bad26468559a"
    }
  },
  "label" : "hana",
  "plan" : "hdi-shared",
  "credentials" : "********",
  "tags" : [ ],
  "type" : "managed",
  "resourceName" : "hr-app-hdi",
  "shouldSkipParametersUpdate" : false,
  "shouldSkipPlanUpdate" : false,
  "shouldSkipTagsUpdate" : false,
  "shouldSkipSyslogUrlUpdate" : false
} ]#
#2026 08 05 09:03:03.544#Z#DEBUG#7564f0ed-90ac-11f1-8dd2-eeee0a922324.OPERATION#flowable-async-job-executor-thread-9152#
Step "Extract Services with Resolved Dynamic parameters from batch" finished#
#2026 08 05 09:03:03.646#Z#DEBUG#7564f0ed-90ac-11f1-8dd2-eeee0a922324.OPERATION#flowable-async-job-executor-thread-9148#
[CheckServiceOperationStateStep] Executing task "CheckServiceOperationStateTask" of process "77546457-90ac-11f1-8dd2-eeee0a922324"...#
#2026 08 05 09:03:03.647#Z#DEBUG#7564f0ed-90ac-11f1-8dd2-eeee0a922324.OPERATION#flowable-async-job-executor-thread-9148#
[CheckServiceOperationStateStep] Getting service instance "hr-app-hdi"...#
#2026 08 05 09:03:03.744#Z#DEBUG#7564f0ed-90ac-11f1-8dd2-eeee0a922324.OPERATION#flowable-async-job-executor-thread-9148#
Step "Check for service operations in Progress" finished#
#2026 08 05 09:03:03.780#Z#DEBUG#7564f0ed-90ac-11f1-8dd2-eeee0a922324.OPERATION#flowable-async-job-executor-thread-9148#
[DetermineServiceCreateUpdateServiceActionsStep] Executing task "DetermineServiceCreateUpdateActionsTask" of process "77546457-90ac-11f1-8dd2-eeee0a922324"...#
#2026 08 05 09:03:03.783#Z#INFO#7564f0ed-90ac-11f1-8dd2-eeee0a922324.OPERATION#flowable-async-job-executor-thread-9148#
[DetermineServiceCreateUpdateServiceActionsStep] Processing service "hr-app-hdi"...#
#2026 08 05 09:03:03.790#Z#DEBUG#7564f0ed-90ac-11f1-8dd2-eeee0a922324.OPERATION#flowable-async-job-executor-thread-9148#
[DetermineServiceCreateUpdateServiceActionsStep] Getting service instance "hr-app-hdi"...#
#2026 08 05 09:03:03.902#Z#DEBUG#7564f0ed-90ac-11f1-8dd2-eeee0a922324.OPERATION#flowable-async-job-executor-thread-9148#
[DetermineServiceCreateUpdateServiceActionsStep] Existing service: {
  "name" : "hr-app-hdi",
  "metadata" : {
    "guid" : "a93c530e-2303-4925-8b5c-e66224ac8dbe",
    "createdAt" : [ 2026, 7, 17, 12, 32, 47 ],
    "updatedAt" : [ 2026, 7, 29, 11, 14, 21 ]
  },
  "v3Metadata" : {
    "annotations" : {
      "mta_id" : "hr-app",
      "mta_version" : "1.0.0",
      "mta_resource" : "{\"name\":\"hr-app-hdi\"}"
    },
    "labels" : {
      "mta_id" : "65fa49c0342158989315bad26468559a"
    }
  },
  "label" : "hana",
  "plan" : "hdi-shared",
  "credentials" : "********",
  "tags" : [ ],
  "type" : "managed",
  "lastOperation" : {
    "type" : "UPDATE",
    "state" : "SUCCEEDED"
  }
}#
#2026 08 05 09:03:03.902#Z#WARN#7564f0ed-90ac-11f1-8dd2-eeee0a922324.OPERATION#flowable-async-job-executor-thread-9148#
[DetermineServiceCreateUpdateServiceActionsStep] Service parameters for service "hr-app-hdi" will not be updated, as the parameters are not defined or empty.#
#2026 08 05 09:03:03.902#Z#DEBUG#7564f0ed-90ac-11f1-8dd2-eeee0a922324.OPERATION#flowable-async-job-executor-thread-9148#
Step "Determine update actions" finished#
#2026 08 05 09:03:03.950#Z#DEBUG#7564f0ed-90ac-11f1-8dd2-eeee0a922324.OPERATION#flowable-async-job-executor-thread-9151#
[CheckForServiceBindingOrKeyOperationStep] Executing task "CheckForServiceBindingOrKeyCreation" of process "77546457-90ac-11f1-8dd2-eeee0a922324"...#
#2026 08 05 09:03:03.952#Z#DEBUG#7564f0ed-90ac-11f1-8dd2-eeee0a922324.OPERATION#flowable-async-job-executor-thread-9151#
Step "Check for service binding or key creation" finished#
#2026 08 05 09:03:07.102#Z#DEBUG#7564f0ed-90ac-11f1-8dd2-eeee0a922324.OPERATION#flowable-async-job-executor-thread-9153#
[CheckServiceOperationStateStep] Executing task "CheckServiceOperationStateTask" of process "796431e2-90ac-11f1-8dd2-eeee0a922324"...#
#2026 08 05 09:03:07.103#Z#DEBUG#7564f0ed-90ac-11f1-8dd2-eeee0a922324.OPERATION#flowable-async-job-executor-thread-9153#
[CheckServiceOperationStateStep] Getting service instance "hr-app-auth"...#
#2026 08 05 09:03:07.207#Z#DEBUG#7564f0ed-90ac-11f1-8dd2-eeee0a922324.OPERATION#flowable-async-job-executor-thread-9153#
Step "Check for service operations in Progress" finished#
#2026 08 05 09:03:07.244#Z#DEBUG#7564f0ed-90ac-11f1-8dd2-eeee0a922324.OPERATION#flowable-async-job-executor-thread-9153#
[DetermineServiceCreateUpdateServiceActionsStep] Executing task "DetermineServiceCreateUpdateActionsTask" of process "796431e2-90ac-11f1-8dd2-eeee0a922324"...#
#2026 08 05 09:03:07.246#Z#INFO#7564f0ed-90ac-11f1-8dd2-eeee0a922324.OPERATION#flowable-async-job-executor-thread-9153#
[DetermineServiceCreateUpdateServiceActionsStep] Processing service "hr-app-auth"...#
#2026 08 05 09:03:07.252#Z#DEBUG#7564f0ed-90ac-11f1-8dd2-eeee0a922324.OPERATION#flowable-async-job-executor-thread-9153#
[DetermineServiceCreateUpdateServiceActionsStep] Getting service instance "hr-app-auth"...#
#2026 08 05 09:03:07.364#Z#INFO#7564f0ed-90ac-11f1-8dd2-eeee0a922324.OPERATION#flowable-async-job-executor-thread-9153#
[DetermineServiceCreateUpdateServiceActionsStep] Setting service "hr-app-auth" parameters from "xs-security.json"#
#2026 08 05 09:03:07.403#Z#DEBUG#7564f0ed-90ac-11f1-8dd2-eeee0a922324.OPERATION#flowable-async-job-executor-thread-9153#
[DetermineServiceCreateUpdateServiceActionsStep] Existing service: {
  "name" : "********",
  "metadata" : {
    "guid" : "f47231f3-a503-48ae-ace6-6a7c830f6ef3",
    "createdAt" : [ 2026, 7, 29, 11, 14, 24 ],
    "updatedAt" : [ 2026, 7, 29, 11, 14, 27 ]
  },
  "v3Metadata" : {
    "annotations" : {
      "mta_id" : "hr-app",
      "mta_version" : "1.0.0",
      "mta_resource" : "********"
    },
    "labels" : {
      "mta_id" : "65fa49c0342158989315bad26468559a"
    }
  },
  "label" : "xsuaa",
  "plan" : "application",
  "credentials" : "********",
  "tags" : [ ],
  "type" : "managed",
  "lastOperation" : {
    "type" : "UPDATE",
    "description" : "",
    "state" : "SUCCEEDED"
  }
}#
#2026 08 05 09:03:07.403#Z#DEBUG#7564f0ed-90ac-11f1-8dd2-eeee0a922324.OPERATION#flowable-async-job-executor-thread-9153#
[DetermineServiceCreateUpdateServiceActionsStep] Service parameters will be updated#
#2026 08 05 09:03:07.404#Z#DEBUG#7564f0ed-90ac-11f1-8dd2-eeee0a922324.OPERATION#flowable-async-job-executor-thread-9153#
[DetermineServiceCreateUpdateServiceActionsStep] New parameters: {
  "attributes" : [ {
    "name" : "department",
    "description" : "Kullanıcının departmanı",
    "valueType" : "string"
  } ],
  "authorities-inheritance" : "********",
  "description" : "HR Hub - Akıllı İnsan Kaynakları Platformu",
  "oauth2-configuration" : "********",
  "role-collections" : [ {
    "name" : "HR_Admin_RC",
    "description" : "İK Yöneticisi",
    "role-template-references" : [ "$XSAPPNAME.HR_Admin" ]
  }, {
    "name" : "HR_Manager_RC",
    "description" : "Departman Yöneticisi",
    "role-template-references" : [ "$XSAPPNAME.HR_Manager" ]
  }, {
    "name" : "HR_Viewer_RC",
    "description" : "Görüntüleyici",
    "role-template-references" : [ "$XSAPPNAME.HR_Viewer" ]
  }, {
    "name" : "Employee_Self_RC",
    "description" : "Çalışan Self-Servis",
    "role-template-references" : [ "$XSAPPNAME.Employee_Self" ]
  } ],
  "role-templates" : [ {
    "name" : "HR_Admin",
    "description" : "İK Yöneticisi - Tüm yetkilere sahip",
    "scope-references" : [ "$XSAPPNAME.employee.read", "$XSAPPNAME.employee.write", "$XSAPPNAME.employee.delete", "$XSAPPNAME.recruitment.read", "$XSAPPNAME.recruitment.write", "$XSAPPNAME.performance.read", "$XSAPPNAME.performance.write", "$XSAPPNAME.ai.execute", "$XSAPPNAME.admin" ]
  }, {
    "name" : "HR_Manager",
    "description" : "Departman Yöneticisi - Ekibini yönetir, AI kullanır",
    "scope-references" : [ "$XSAPPNAME.employee.read", "$XSAPPNAME.employee.write", "$XSAPPNAME.performance.read", "$XSAPPNAME.performance.write", "$XSAPPNAME.ai.execute" ],
    "attribute-references" : [ "department" ]
  }, {
    "name" : "HR_Viewer",
    "description" : "Görüntüleyici - Sadece okuma yetkisi",
    "scope-references" : [ "$XSAPPNAME.employee.read", "$XSAPPNAME.recruitment.read", "$XSAPPNAME.performance.read" ]
  }, {
    "name" : "Employee_Self",
    "description" : "Çalışan - Kendi profili ve chatbot",
    "scope-references" : [ "$XSAPPNAME.employee.read", "$XSAPPNAME.performance.read", "$XSAPPNAME.ai.execute" ]
  } ],
  "scopes" : [ {
    "name" : "$XSAPPNAME.employee.read",
    "description" : "Çalışan bilgilerini görüntüleme"
  }, {
    "name" : "$XSAPPNAME.employee.write",
    "description" : "Çalışan bilgilerini oluşturma/güncelleme"
  }, {
    "name" : "$XSAPPNAME.employee.delete",
    "description" : "Çalışan kaydı silme"
  }, {
    "name" : "$XSAPPNAME.recruitment.read",
    "description" : "İşe alım sürecini görüntüleme"
  }, {
    "name" : "$XSAPPNAME.recruitment.write",
    "description" : "İşe alım sürecini yönetme"
  }, {
    "name" : "$XSAPPNAME.performance.read",
    "description" : "Performans değerlendirmelerini görüntüleme"
  }, {
    "name" : "$XSAPPNAME.performance.write",
    "description" : "Performans değerlendirmesi oluşturma/güncelleme"
  }, {
    "name" : "$XSAPPNAME.ai.execute",
    "description" : "AI özelliklerini çalıştırma"
  }, {
    "name" : "$XSAPPNAME.admin",
    "description" : "Tam yönetici yetkisi"
  } ],
  "tenant-mode" : "dedicated",
  "xsappname" : "hr-app-268a3369trial-dev"
}#
#2026 08 05 09:03:07.404#Z#DEBUG#7564f0ed-90ac-11f1-8dd2-eeee0a922324.OPERATION#flowable-async-job-executor-thread-9153#
Step "Determine update actions" finished#
#2026 08 05 09:03:07.480#Z#DEBUG#7564f0ed-90ac-11f1-8dd2-eeee0a922324.OPERATION#flowable-async-job-executor-thread-9153#
[CheckForServiceBindingOrKeyOperationStep] Executing task "CheckForServiceBindingOrKeyCreation" of process "796431e2-90ac-11f1-8dd2-eeee0a922324"...#
#2026 08 05 09:03:07.482#Z#DEBUG#7564f0ed-90ac-11f1-8dd2-eeee0a922324.OPERATION#flowable-async-job-executor-thread-9153#
Step "Check for service binding or key creation" finished#
#2026 08 05 09:03:07.525#Z#DEBUG#7564f0ed-90ac-11f1-8dd2-eeee0a922324.OPERATION#flowable-async-job-executor-thread-9153#
[UpdateServiceParametersStep] Executing task "UpdateServiceParametersTask" of process "796431e2-90ac-11f1-8dd2-eeee0a922324"...#
#2026 08 05 09:03:07.528#Z#INFO#7564f0ed-90ac-11f1-8dd2-eeee0a922324.OPERATION#flowable-async-job-executor-thread-9153#
[UpdateServiceParametersStep] Updating service "hr-app-auth"...#
#2026 08 05 09:03:07.534#Z#DEBUG#7564f0ed-90ac-11f1-8dd2-eeee0a922324.OPERATION#flowable-async-job-executor-thread-9153#
[UpdateServiceParametersStep] Updating service parameters for service "hr-app-auth"...#
#2026 08 05 09:03:07.648#Z#DEBUG#7564f0ed-90ac-11f1-8dd2-eeee0a922324.OPERATION#flowable-async-job-executor-thread-9153#
[UpdateServiceParametersStep] Service "hr-app-auth" updated#
#2026 08 05 09:03:07.648#Z#DEBUG#7564f0ed-90ac-11f1-8dd2-eeee0a922324.OPERATION#flowable-async-job-executor-thread-9153#
[UpdateServiceParametersStep] Triggered service operations: {
  "hr-app-auth" : "UPDATE"
}#
#2026 08 05 09:03:07.650#Z#DEBUG#7564f0ed-90ac-11f1-8dd2-eeee0a922324.OPERATION#flowable-async-job-executor-thread-9153#
Step "Update parameters" finished#
#2026 08 05 09:03:18.839#Z#DEBUG#7564f0ed-90ac-11f1-8dd2-eeee0a922324.OPERATION#flowable-async-job-executor-thread-15599#
[UpdateServiceParametersStep] Executing task "UpdateServiceParametersTask" of process "796431e2-90ac-11f1-8dd2-eeee0a922324"...#
#2026 08 05 09:03:18.840#Z#DEBUG#7564f0ed-90ac-11f1-8dd2-eeee0a922324.OPERATION#flowable-async-job-executor-thread-15599#
[UpdateServiceParametersStep] Polling service operations...#
#2026 08 05 09:03:18.912#Z#DEBUG#7564f0ed-90ac-11f1-8dd2-eeee0a922324.OPERATION#flowable-async-job-executor-thread-15599#
[UpdateServiceParametersStep] Getting service instance "hr-app-auth"...#
#2026 08 05 09:03:19.029#Z#DEBUG#7564f0ed-90ac-11f1-8dd2-eeee0a922324.OPERATION#flowable-async-job-executor-thread-15599#
[UpdateServiceParametersStep] Last operation for service "hr-app-auth": {
  "type" : "UPDATE",
  "description" : "",
  "state" : "SUCCEEDED"
}#
#2026 08 05 09:03:19.029#Z#DEBUG#7564f0ed-90ac-11f1-8dd2-eeee0a922324.OPERATION#flowable-async-job-executor-thread-15599#
[UpdateServiceParametersStep] Service "hr-app-auth" updated#
#2026 08 05 09:03:19.029#Z#INFO#7564f0ed-90ac-11f1-8dd2-eeee0a922324.OPERATION#flowable-async-job-executor-thread-15599#
[UpdateServiceParametersStep] 1 of 1 done#
#2026 08 05 09:03:19.034#Z#DEBUG#7564f0ed-90ac-11f1-8dd2-eeee0a922324.OPERATION#flowable-async-job-executor-thread-15599#
[UpdateServiceParametersStep] Remaining services to poll: [ ]#
#2026 08 05 09:03:19.035#Z#DEBUG#7564f0ed-90ac-11f1-8dd2-eeee0a922324.OPERATION#flowable-async-job-executor-thread-15599#
Step "Update parameters" finished#
#2026 08 05 09:03:19.484#Z#DEBUG#7564f0ed-90ac-11f1-8dd2-eeee0a922324.OPERATION#flowable-async-job-executor-thread-15601#
[PrepareModulesDeploymentStep] Executing task "prepareModulesDeploymentTask" of process "80bfe3ef-90ac-11f1-8577-eeee0a96f13a"...#
#2026 08 05 09:03:19.485#Z#DEBUG#7564f0ed-90ac-11f1-8dd2-eeee0a922324.OPERATION#flowable-async-job-executor-thread-15601#
[PrepareModulesDeploymentStep] Preparing modules deployment...#
#2026 08 05 09:03:19.490#Z#DEBUG#7564f0ed-90ac-11f1-8dd2-eeee0a922324.OPERATION#flowable-async-job-executor-thread-15601#
Step "Prepare Modules Deployment" finished#
#2026 08 05 09:03:19.526#Z#DEBUG#7564f0ed-90ac-11f1-8dd2-eeee0a922324.OPERATION#flowable-async-job-executor-thread-15601#
[ComputeNextModulesStep] Executing task "computeNextModulesToDeployInParallel" of process "80bfe3ef-90ac-11f1-8577-eeee0a96f13a"...#
#2026 08 05 09:03:19.527#Z#DEBUG#7564f0ed-90ac-11f1-8dd2-eeee0a922324.OPERATION#flowable-async-job-executor-thread-15601#
[ComputeNextModulesStep] Computing modules for next parallel iteration...#
#2026 08 05 09:03:19.530#Z#DEBUG#7564f0ed-90ac-11f1-8dd2-eeee0a922324.OPERATION#flowable-async-job-executor-thread-15601#
[ComputeNextModulesStep] Completed modules detected: []#
#2026 08 05 09:03:19.530#Z#DEBUG#7564f0ed-90ac-11f1-8dd2-eeee0a922324.OPERATION#flowable-async-job-executor-thread-15601#
[ComputeNextModulesStep] All modules for deploy detected: [hr-app-srv, hr-app, hr-app-db-deployer]#
#2026 08 05 09:03:19.530#Z#DEBUG#7564f0ed-90ac-11f1-8dd2-eeee0a922324.OPERATION#flowable-async-job-executor-thread-15601#
[ComputeNextModulesStep] Modules not for deploy detected: []#
#2026 08 05 09:03:19.530#Z#DEBUG#7564f0ed-90ac-11f1-8dd2-eeee0a922324.OPERATION#flowable-async-job-executor-thread-15601#
[ComputeNextModulesStep] Computed modules for next parallel iteration: [ {
  "majorSchemaVersion" : 3,
  "name" : "hr-app-srv",
  "type" : "javascript.nodejs",
  "path" : "hr-app-srv",
  "properties" : { },
  "parameters" : {
    "app-name" : "hr-app-srv",
    "buildpack" : "nodejs_buildpack",
    "default-app-name" : "hr-app-srv",
    "default-host" : "268a3369trial-dev-hr-app-srv",
    "default-instances" : 1,
    "default-live-app-name" : "hr-app-srv",
    "default-live-domain" : "cfapps.us10-001.hana.ondemand.com",
    "default-live-host" : "268a3369trial-dev-hr-app-srv",
    "default-live-uri" : "268a3369trial-dev-hr-app-srv.cfapps.us10-001.hana.ondemand.com",
    "default-live-url" : "https://268a3369trial-dev-hr-app-srv.cfapps.us10-001.hana.ondemand.com",
    "default-uri" : "268a3369trial-dev-hr-app-srv.cfapps.us10-001.hana.ondemand.com",
    "default-url" : "https://268a3369trial-dev-hr-app-srv.cfapps.us10-001.hana.ondemand.com",
    "dependency-type" : "soft",
    "domain" : "cfapps.us10-001.hana.ondemand.com",
    "generated-password" : "********",
    "generated-user" : "********",
    "host" : "268a3369trial-dev-hr-app-srv",
    "instances" : 1,
    "protocol" : "https"
  },
  "requiredDependencies" : [ {
    "majorSchemaVersion" : 3,
    "name" : "********",
    "properties" : { },
    "parameters" : { },
    "propertiesMetadata" : {
      "metadata" : { }
    },
    "parametersMetadata" : {
      "metadata" : { }
    }
  }, {
    "majorSchemaVersion" : 3,
    "name" : "hr-app-hdi",
    "properties" : { },
    "parameters" : { },
    "propertiesMetadata" : {
      "metadata" : { }
    },
    "parametersMetadata" : {
      "metadata" : { }
    }
  } ],
  "providedDependencies" : [ {
    "majorSchemaVersion" : 3,
    "name" : "srv-api",
    "isPublic" : false,
    "properties" : {
      "srv-url" : "https://268a3369trial-dev-hr-app-srv.cfapps.us10-001.hana.ondemand.com"
    },
    "parameters" : { },
    "propertiesMetadata" : {
      "metadata" : { }
    },
    "parametersMetadata" : {
      "metadata" : { }
    }
  }, {
    "majorSchemaVersion" : 3,
    "name" : "hr-app-srv",
    "isPublic" : false,
    "properties" : { },
    "parameters" : { },
    "propertiesMetadata" : {
      "metadata" : { }
    },
    "parametersMetadata" : {
      "metadata" : { }
    }
  } ],
  "propertiesMetadata" : {
    "metadata" : { }
  },
  "parametersMetadata" : {
    "metadata" : { }
  },
  "deployedAfter" : [ ],
  "hooks" : [ ]
}, {
  "majorSchemaVersion" : 3,
  "name" : "hr-app-db-deployer",
  "type" : "com.sap.xs.hdi",
  "path" : "hr-app-db-deployer",
  "properties" : {
    "EXIT" : 1
  },
  "parameters" : {
    "app-name" : "hr-app-db-deployer",
    "buildpack" : "nodejs_buildpack",
    "default-app-name" : "hr-app-db-deployer",
    "default-host" : "268a3369trial-dev-hr-app-db-deployer",
    "default-instances" : 1,
    "default-live-app-name" : "hr-app-db-deployer",
    "default-live-domain" : "cfapps.us10-001.hana.ondemand.com",
    "default-live-host" : "268a3369trial-dev-hr-app-db-deployer",
    "default-live-uri" : "268a3369trial-dev-hr-app-db-deployer.cfapps.us10-001.hana.ondemand.com",
    "default-live-url" : "https://268a3369trial-dev-hr-app-db-deployer.cfapps.us10-001.hana.ondemand.com",
    "default-uri" : "268a3369trial-dev-hr-app-db-deployer.cfapps.us10-001.hana.ondemand.com",
    "default-url" : "https://268a3369trial-dev-hr-app-db-deployer.cfapps.us10-001.hana.ondemand.com",
    "dependency-type" : "hard",
    "domain" : "cfapps.us10-001.hana.ondemand.com",
    "generated-password" : "********",
    "generated-user" : "********",
    "host" : "268a3369trial-dev-hr-app-db-deployer",
    "instances" : 1,
    "memory" : "256M",
    "no-route" : true,
    "no-start" : true,
    "protocol" : "https",
    "tasks" : [ {
      "command" : "npm start",
      "memory" : "256M",
      "name" : "deploy"
    } ]
  },
  "requiredDependencies" : [ {
    "majorSchemaVersion" : 3,
    "name" : "hr-app-hdi",
    "properties" : { },
    "parameters" : { },
    "propertiesMetadata" : {
      "metadata" : { }
    },
    "parametersMetadata" : {
      "metadata" : { }
    }
  } ],
  "providedDependencies" : [ {
    "majorSchemaVersion" : 3,
    "name" : "hr-app-db-deployer",
    "isPublic" : false,
    "properties" : { },
    "parameters" : { },
    "propertiesMetadata" : {
      "metadata" : { }
    },
    "parametersMetadata" : {
      "metadata" : { }
    }
  } ],
  "propertiesMetadata" : {
    "metadata" : { }
  },
  "parametersMetadata" : {
    "metadata" : { }
  },
  "deployedAfter" : [ ],
  "hooks" : [ ]
}, {
  "majorSchemaVersion" : 3,
  "name" : "hr-app",
  "type" : "javascript.nodejs",
  "path" : "hr-app",
  "properties" : { },
  "parameters" : {
    "app-name" : "hr-app",
    "default-app-name" : "hr-app",
    "default-host" : "268a3369trial-dev-hr-app",
    "default-instances" : 1,
    "default-live-app-name" : "hr-app",
    "default-live-domain" : "cfapps.us10-001.hana.ondemand.com",
    "default-live-host" : "268a3369trial-dev-hr-app",
    "default-live-uri" : "268a3369trial-dev-hr-app.cfapps.us10-001.hana.ondemand.com",
    "default-live-url" : "https://268a3369trial-dev-hr-app.cfapps.us10-001.hana.ondemand.com",
    "default-uri" : "268a3369trial-dev-hr-app.cfapps.us10-001.hana.ondemand.com",
    "default-url" : "https://268a3369trial-dev-hr-app.cfapps.us10-001.hana.ondemand.com",
    "dependency-type" : "soft",
    "disk-quota" : "256M",
    "domain" : "cfapps.us10-001.hana.ondemand.com",
    "generated-password" : "********",
    "generated-user" : "********",
    "host" : "268a3369trial-dev-hr-app",
    "instances" : 1,
    "keep-existing-routes" : true,
    "memory" : "256M",
    "protocol" : "https"
  },
  "requiredDependencies" : [ {
    "majorSchemaVersion" : 3,
    "name" : "srv-api",
    "group" : "destinations",
    "properties" : {
      "forwardAuthToken" : "********",
      "name" : "srv-api",
      "url" : "https://268a3369trial-dev-hr-app-srv.cfapps.us10-001.hana.ondemand.com"
    },
    "parameters" : { },
    "propertiesMetadata" : {
      "metadata" : { }
    },
    "parametersMetadata" : {
      "metadata" : { }
    }
  }, {
    "majorSchemaVersion" : 3,
    "name" : "********",
    "properties" : { },
    "parameters" : { },
    "propertiesMetadata" : {
      "metadata" : { }
    },
    "parametersMetadata" : {
      "metadata" : { }
    }
  } ],
  "providedDependencies" : [ {
    "majorSchemaVersion" : 3,
    "name" : "app-api",
    "isPublic" : false,
    "properties" : {
      "app-protocol" : "https",
      "app-uri" : "268a3369trial-dev-hr-app.cfapps.us10-001.hana.ondemand.com"
    },
    "parameters" : { },
    "propertiesMetadata" : {
      "metadata" : { }
    },
    "parametersMetadata" : {
      "metadata" : { }
    }
  }, {
    "majorSchemaVersion" : 3,
    "name" : "hr-app",
    "isPublic" : false,
    "properties" : { },
    "parameters" : { },
    "propertiesMetadata" : {
      "metadata" : { }
    },
    "parametersMetadata" : {
      "metadata" : { }
    }
  } ],
  "propertiesMetadata" : {
    "metadata" : { }
  },
  "parametersMetadata" : {
    "metadata" : { }
  },
  "deployedAfter" : [ ],
  "hooks" : [ ]
} ]#
#2026 08 05 09:03:19.530#Z#DEBUG#7564f0ed-90ac-11f1-8dd2-eeee0a922324.OPERATION#flowable-async-job-executor-thread-15601#
Step "Compute Next Modules To Deploy" finished#
#2026 08 05 09:03:19.686#Z#DEBUG#7564f0ed-90ac-11f1-8dd2-eeee0a922324.OPERATION#flowable-async-job-executor-thread-15601#
[ProcessDescriptorStep] Executing task "reprocessDescriptorTask" of process "80de9084-90ac-11f1-8577-eeee0a96f13a"...#
#2026 08 05 09:03:19.688#Z#DEBUG#7564f0ed-90ac-11f1-8dd2-eeee0a922324.OPERATION#flowable-async-job-executor-thread-15601#
[ProcessDescriptorStep] Resolving properties and parameters in merged descriptor...#
#2026 08 05 09:03:19.693#Z#DEBUG#7564f0ed-90ac-11f1-8dd2-eeee0a922324.OPERATION#flowable-async-job-executor-thread-15601#
[ProcessDescriptorStep] Subscriptions: [ ]#
#2026 08 05 09:03:19.699#Z#DEBUG#7564f0ed-90ac-11f1-8dd2-eeee0a922324.OPERATION#flowable-async-job-executor-thread-15601#
[ProcessDescriptorStep] MTA modules: [hr-app-srv, hr-app, hr-app-db-deployer]#
#2026 08 05 09:03:19.704#Z#DEBUG#7564f0ed-90ac-11f1-8dd2-eeee0a922324.OPERATION#flowable-async-job-executor-thread-15601#
[ProcessDescriptorStep] Resolved deployment descriptor: {
  "majorSchemaVersion" : 3,
  "schemaVersion" : "3.3.0",
  "id" : "hr-app",
  "version" : "1.0.0",
  "modules" : [ {
    "majorSchemaVersion" : 3,
    "name" : "hr-app-srv",
    "type" : "javascript.nodejs",
    "path" : "hr-app-srv",
    "properties" : { },
    "parameters" : {
      "default-url" : "https://268a3369trial-dev-hr-app-srv.cfapps.us10-001.hana.ondemand.com",
      "default-app-name" : "hr-app-srv",
      "generated-password" : "********",
      "default-live-url" : "https://268a3369trial-dev-hr-app-srv.cfapps.us10-001.hana.ondemand.com",
      "default-uri" : "268a3369trial-dev-hr-app-srv.cfapps.us10-001.hana.ondemand.com",
      "default-instances" : 1,
      "default-live-host" : "268a3369trial-dev-hr-app-srv",
      "instances" : 1,
      "buildpack" : "nodejs_buildpack",
      "default-host" : "268a3369trial-dev-hr-app-srv",
      "app-name" : "hr-app-srv",
      "default-live-uri" : "268a3369trial-dev-hr-app-srv.cfapps.us10-001.hana.ondemand.com",
      "protocol" : "https",
      "default-live-app-name" : "hr-app-srv",
      "default-live-domain" : "cfapps.us10-001.hana.ondemand.com",
      "domain" : "cfapps.us10-001.hana.ondemand.com",
      "host" : "268a3369trial-dev-hr-app-srv",
      "generated-user" : "********"
    },
    "requiredDependencies" : [ {
      "majorSchemaVersion" : 3,
      "name" : "********",
      "properties" : { },
      "parameters" : { },
      "propertiesMetadata" : {
        "metadata" : { }
      },
      "parametersMetadata" : {
        "metadata" : { }
      }
    }, {
      "majorSchemaVersion" : 3,
      "name" : "hr-app-hdi",
      "properties" : { },
      "parameters" : { },
      "propertiesMetadata" : {
        "metadata" : { }
      },
      "parametersMetadata" : {
        "metadata" : { }
      }
    } ],
    "providedDependencies" : [ {
      "majorSchemaVersion" : 3,
      "name" : "srv-api",
      "isPublic" : false,
      "properties" : {
        "srv-url" : "https://268a3369trial-dev-hr-app-srv.cfapps.us10-001.hana.ondemand.com"
      },
      "parameters" : { },
      "propertiesMetadata" : {
        "metadata" : { }
      },
      "parametersMetadata" : {
        "metadata" : { }
      }
    }, {
      "majorSchemaVersion" : 3,
      "name" : "hr-app-srv",
      "isPublic" : false,
      "properties" : { },
      "parameters" : { },
      "propertiesMetadata" : {
        "metadata" : { }
      },
      "parametersMetadata" : {
        "metadata" : { }
      }
    } ],
    "propertiesMetadata" : {
      "metadata" : { }
    },
    "parametersMetadata" : {
      "metadata" : { }
    },
    "hooks" : [ ]
  }, {
    "majorSchemaVersion" : 3,
    "name" : "hr-app-db-deployer",
    "type" : "com.sap.xs.hdi",
    "path" : "hr-app-db-deployer",
    "properties" : {
      "EXIT" : 1
    },
    "parameters" : {
      "default-url" : "https://268a3369trial-dev-hr-app-db-deployer.cfapps.us10-001.hana.ondemand.com",
      "default-app-name" : "hr-app-db-deployer",
      "generated-password" : "********",
      "default-live-url" : "https://268a3369trial-dev-hr-app-db-deployer.cfapps.us10-001.hana.ondemand.com",
      "default-uri" : "268a3369trial-dev-hr-app-db-deployer.cfapps.us10-001.hana.ondemand.com",
      "memory" : "256M",
      "default-instances" : 1,
      "no-route" : true,
      "default-live-host" : "268a3369trial-dev-hr-app-db-deployer",
      "instances" : 1,
      "buildpack" : "nodejs_buildpack",
      "default-host" : "268a3369trial-dev-hr-app-db-deployer",
      "app-name" : "hr-app-db-deployer",
      "default-live-uri" : "268a3369trial-dev-hr-app-db-deployer.cfapps.us10-001.hana.ondemand.com",
      "protocol" : "https",
      "default-live-app-name" : "hr-app-db-deployer",
      "default-live-domain" : "cfapps.us10-001.hana.ondemand.com",
      "dependency-type" : "hard",
      "domain" : "cfapps.us10-001.hana.ondemand.com",
      "host" : "268a3369trial-dev-hr-app-db-deployer",
      "generated-user" : "********",
      "tasks" : [ {
        "command" : "npm start",
        "memory" : "256M",
        "name" : "deploy"
      } ],
      "no-start" : true
    },
    "requiredDependencies" : [ {
      "majorSchemaVersion" : 3,
      "name" : "hr-app-hdi",
      "properties" : { },
      "parameters" : { },
      "propertiesMetadata" : {
        "metadata" : { }
      },
      "parametersMetadata" : {
        "metadata" : { }
      }
    } ],
    "providedDependencies" : [ {
      "majorSchemaVersion" : 3,
      "name" : "hr-app-db-deployer",
      "isPublic" : false,
      "properties" : { },
      "parameters" : { },
      "propertiesMetadata" : {
        "metadata" : { }
      },
      "parametersMetadata" : {
        "metadata" : { }
      }
    } ],
    "propertiesMetadata" : {
      "metadata" : { }
    },
    "parametersMetadata" : {
      "metadata" : { }
    },
    "hooks" : [ ]
  }, {
    "majorSchemaVersion" : 3,
    "name" : "hr-app",
    "type" : "javascript.nodejs",
    "path" : "hr-app",
    "properties" : { },
    "parameters" : {
      "default-url" : "https://268a3369trial-dev-hr-app.cfapps.us10-001.hana.ondemand.com",
      "default-app-name" : "hr-app",
      "generated-password" : "********",
      "default-live-url" : "https://268a3369trial-dev-hr-app.cfapps.us10-001.hana.ondemand.com",
      "default-uri" : "268a3369trial-dev-hr-app.cfapps.us10-001.hana.ondemand.com",
      "memory" : "256M",
      "default-instances" : 1,
      "default-live-host" : "268a3369trial-dev-hr-app",
      "instances" : 1,
      "default-host" : "268a3369trial-dev-hr-app",
      "keep-existing-routes" : true,
      "app-name" : "hr-app",
      "default-live-uri" : "268a3369trial-dev-hr-app.cfapps.us10-001.hana.ondemand.com",
      "protocol" : "https",
      "default-live-app-name" : "hr-app",
      "default-live-domain" : "cfapps.us10-001.hana.ondemand.com",
      "disk-quota" : "256M",
      "domain" : "cfapps.us10-001.hana.ondemand.com",
      "host" : "268a3369trial-dev-hr-app",
      "generated-user" : "********"
    },
    "requiredDependencies" : [ {
      "majorSchemaVersion" : 3,
      "name" : "srv-api",
      "group" : "destinations",
      "properties" : {
        "name" : "srv-api",
        "forwardAuthToken" : "********",
        "url" : "https://268a3369trial-dev-hr-app-srv.cfapps.us10-001.hana.ondemand.com"
      },
      "parameters" : { },
      "propertiesMetadata" : {
        "metadata" : { }
      },
      "parametersMetadata" : {
        "metadata" : { }
      }
    }, {
      "majorSchemaVersion" : 3,
      "name" : "********",
      "properties" : { },
      "parameters" : { },
      "propertiesMetadata" : {
        "metadata" : { }
      },
      "parametersMetadata" : {
        "metadata" : { }
      }
    } ],
    "providedDependencies" : [ {
      "majorSchemaVersion" : 3,
      "name" : "app-api",
      "isPublic" : false,
      "properties" : {
        "app-protocol" : "https",
        "app-uri" : "268a3369trial-dev-hr-app.cfapps.us10-001.hana.ondemand.com"
      },
      "parameters" : { },
      "propertiesMetadata" : {
        "metadata" : { }
      },
      "parametersMetadata" : {
        "metadata" : { }
      }
    }, {
      "majorSchemaVersion" : 3,
      "name" : "hr-app",
      "isPublic" : false,
      "properties" : { },
      "parameters" : { },
      "propertiesMetadata" : {
        "metadata" : { }
      },
      "parametersMetadata" : {
        "metadata" : { }
      }
    } ],
    "propertiesMetadata" : {
      "metadata" : { }
    },
    "parametersMetadata" : {
      "metadata" : { }
    },
    "hooks" : [ ]
  } ],
  "resources" : [ {
    "majorSchemaVersion" : 3,
    "name" : "********",
    "type" : "org.cloudfoundry.managed-service",
    "properties" : { },
    "parameters" : {
      "generated-password" : "********",
      "path" : "./xs-security.json",
      "service-name" : "********",
      "service-plan" : "application",
      "service" : "xsuaa",
      "generated-user" : "********",
      "default-xsappname" : "********",
      "type" : "managed-service",
      "config" : {
        "oauth2-configuration" : "********",
        "tenant-mode" : "dedicated",
        "xsappname" : "hr-app-268a3369trial-dev"
      },
      "default-service-name" : "********",
      "default-container-name" : "********"
    },
    "isActive" : true,
    "isOptional" : false,
    "propertiesMetadata" : {
      "metadata" : { }
    },
    "parametersMetadata" : {
      "metadata" : { }
    },
    "requiredDependencies" : [ {
      "majorSchemaVersion" : 3,
      "name" : "app-api",
      "properties" : { },
      "parameters" : { },
      "propertiesMetadata" : {
        "metadata" : { }
      },
      "parametersMetadata" : {
        "metadata" : { }
      }
    } ],
    "processedAfter" : [ ]
  }, {
    "majorSchemaVersion" : 3,
    "name" : "hr-app-hdi",
    "type" : "com.sap.xs.hdi-container",
    "properties" : { },
    "parameters" : {
      "generated-password" : "********",
      "service-name" : "hr-app-hdi",
      "service-plan" : "hdi-shared",
      "service" : "hana",
      "generated-user" : "********",
      "default-xsappname" : "hr-app-hdi",
      "type" : "managed-service",
      "default-service-name" : "hr-app-hdi",
      "default-container-name" : "268A3369TRIAL_DEV_HR_APP_HDI"
    },
    "isActive" : true,
    "isOptional" : false,
    "propertiesMetadata" : {
      "metadata" : { }
    },
    "parametersMetadata" : {
      "metadata" : { }
    },
    "requiredDependencies" : [ ],
    "processedAfter" : [ ]
  } ],
  "parameters" : {
    "mta-id" : "hr-app",
    "authorization-url" : "********",
    "org-guid" : "3abbfc99-9733-4563-ae5e-f403e91ab70f",
    "org" : "268a3369trial",
    "deploy-target" : "268a3369trial dev",
    "enable-parallel-deployments" : true,
    "region-primary-domain" : "us10.hana.ondemand.com",
    "space" : "dev",
    "region-domain" : "us10-001.hana.ondemand.com",
    "xs-api-url" : "https://api.cf.us10-001.hana.ondemand.com",
    "deploy-url" : "deploy-service.cfapps.us10-001.hana.ondemand.com",
    "xs-type" : "CF",
    "default-domain" : "cfapps.us10-001.hana.ondemand.com",
    "mta-version" : "1.0.0",
    "xs-auth-url" : "********",
    "space-guid" : "99b52bb6-6dc9-4977-b132-939f31531839",
    "user" : "********",
    "controller-url" : "https://api.cf.us10-001.hana.ondemand.com",
    "timestamp" : "20260805090300"
  },
  "parametersMetadata" : {
    "metadata" : { }
  }
}#
#2026 08 05 09:03:19.704#Z#DEBUG#7564f0ed-90ac-11f1-8dd2-eeee0a922324.OPERATION#flowable-async-job-executor-thread-15601#
[ProcessDescriptorStep] Merged descriptor properties and parameters resolved#
#2026 08 05 09:03:19.704#Z#DEBUG#7564f0ed-90ac-11f1-8dd2-eeee0a922324.OPERATION#flowable-async-job-executor-thread-15601#
Step "Re-Process Descriptor Step" finished#
#2026 08 05 09:03:19.744#Z#DEBUG#7564f0ed-90ac-11f1-8dd2-eeee0a922324.OPERATION#flowable-async-job-executor-thread-15601#
[BuildApplicationDeployModelStep] Executing task "buildApplicationDeployModelTask" of process "80de9084-90ac-11f1-8577-eeee0a96f13a"...#
#2026 08 05 09:03:19.747#Z#DEBUG#7564f0ed-90ac-11f1-8dd2-eeee0a922324.OPERATION#flowable-async-job-executor-thread-15601#
[BuildApplicationDeployModelStep] Building cloud deployment model for application "hr-app-srv"...#
#2026 08 05 09:03:19.752#Z#DEBUG#7564f0ed-90ac-11f1-8dd2-eeee0a922324.OPERATION#flowable-async-job-executor-thread-15601#
[BuildApplicationDeployModelStep] No health-check-type is specified. Setting default type: port#
#2026 08 05 09:03:19.752#Z#INFO#7564f0ed-90ac-11f1-8dd2-eeee0a922324.OPERATION#flowable-async-job-executor-thread-15601#
[BuildApplicationDeployModelStep] Building configuration entries for org 268a3369trial, space dev, spaceId 99b52bb6-6dc9-4977-b132-939f31531839 and namespace null!#
#2026 08 05 09:03:19.753#Z#DEBUG#7564f0ed-90ac-11f1-8dd2-eeee0a922324.OPERATION#flowable-async-job-executor-thread-15601#
[BuildApplicationDeployModelStep] Configuration entries to publish: [ ]#
#2026 08 05 09:03:19.753#Z#DEBUG#7564f0ed-90ac-11f1-8dd2-eeee0a922324.OPERATION#flowable-async-job-executor-thread-15601#
[BuildApplicationDeployModelStep] Cloud deployment model for application built#
#2026 08 05 09:03:19.753#Z#DEBUG#7564f0ed-90ac-11f1-8dd2-eeee0a922324.OPERATION#flowable-async-job-executor-thread-15601#
Step "Build Application Deploy Model" finished#
#2026 08 05 09:03:19.792#Z#DEBUG#7564f0ed-90ac-11f1-8dd2-eeee0a922324.OPERATION#flowable-async-job-executor-thread-15601#
[CreateOrUpdateAppStep] Executing task "createAppTask" of process "80de9084-90ac-11f1-8577-eeee0a96f13a"...#
#2026 08 05 09:03:19.793#Z#DEBUG#7564f0ed-90ac-11f1-8dd2-eeee0a922324.OPERATION#flowable-async-job-executor-thread-15601#
[CreateOrUpdateAppStep] Getting application "hr-app-srv"...#
#2026 08 05 09:03:19.817#Z#INFO#7564f0ed-90ac-11f1-8dd2-eeee0a922324.OPERATION#flowable-async-job-executor-thread-15601#
[CreateOrUpdateAppStep] Updating application "hr-app-srv"...#
#2026 08 05 09:03:19.824#Z#DEBUG#7564f0ed-90ac-11f1-8dd2-eeee0a922324.OPERATION#flowable-async-job-executor-thread-15601#
[CreateOrUpdateAppStep] Getting process for application "def38b6f-6a82-429a-a2e9-5780a6d478b6"...#
#2026 08 05 09:03:19.855#Z#DEBUG#7564f0ed-90ac-11f1-8dd2-eeee0a922324.OPERATION#flowable-async-job-executor-thread-15601#
[CreateOrUpdateAppStep] Getting routes for application "def38b6f-6a82-429a-a2e9-5780a6d478b6"...#
#2026 08 05 09:03:19.887#Z#DEBUG#7564f0ed-90ac-11f1-8dd2-eeee0a922324.OPERATION#flowable-async-job-executor-thread-15601#
[CreateOrUpdateAppStep] Getting features for application "def38b6f-6a82-429a-a2e9-5780a6d478b6"#
#2026 08 05 09:03:19.911#Z#DEBUG#7564f0ed-90ac-11f1-8dd2-eeee0a922324.OPERATION#flowable-async-job-executor-thread-15601#
[CreateOrUpdateAppStep] Updating staging of application "hr-app-srv" to: {
  "buildpacks" : [ "nodejs_buildpack" ],
  "healthCheckType" : "port",
  "appFeatures" : { }
}#
#2026 08 05 09:03:20.113#Z#DEBUG#7564f0ed-90ac-11f1-8dd2-eeee0a922324.OPERATION#flowable-async-job-executor-thread-15601#
[CreateOrUpdateAppStep] Application "hr-app-srv" updated#
#2026 08 05 09:03:20.113#Z#DEBUG#7564f0ed-90ac-11f1-8dd2-eeee0a922324.OPERATION#flowable-async-job-executor-thread-15601#
[CreateOrUpdateAppStep] Getting environment of application "def38b6f-6a82-429a-a2e9-5780a6d478b6"...#
#2026 08 05 09:03:20.148#Z#DEBUG#7564f0ed-90ac-11f1-8dd2-eeee0a922324.OPERATION#flowable-async-job-executor-thread-15601#
[CreateOrUpdateAppStep] Applying update strategy "REPLACE" to env#
#2026 08 05 09:03:20.148#Z#DEBUG#7564f0ed-90ac-11f1-8dd2-eeee0a922324.OPERATION#flowable-async-job-executor-thread-15601#
[CreateOrUpdateAppStep] Updating environment of application "hr-app-srv"#
#2026 08 05 09:03:20.256#Z#DEBUG#7564f0ed-90ac-11f1-8dd2-eeee0a922324.OPERATION#flowable-async-job-executor-thread-15601#
[CreateOrUpdateAppStep] Application "hr-app-srv" updated#
#2026 08 05 09:03:20.256#Z#DEBUG#7564f0ed-90ac-11f1-8dd2-eeee0a922324.OPERATION#flowable-async-job-executor-thread-15601#
Step "Create App" finished#
#2026 08 05 09:03:20.349#Z#DEBUG#7564f0ed-90ac-11f1-8dd2-eeee0a922324.OPERATION#flowable-async-job-executor-thread-15601#
[CheckServiceBindingOperationStep] Executing task "checkForServiceBindingOperationInProgress" of process "814a4a20-90ac-11f1-8577-eeee0a96f13a"...#
#2026 08 05 09:03:20.349#Z#DEBUG#7564f0ed-90ac-11f1-8dd2-eeee0a922324.OPERATION#flowable-async-job-executor-thread-15601#
[CheckServiceBindingOperationStep] Checking for service binding operation in progress between app "hr-app-srv" and service instance "hr-app-auth"#
#2026 08 05 09:03:20.350#Z#DEBUG#7564f0ed-90ac-11f1-8dd2-eeee0a922324.OPERATION#flowable-async-job-executor-thread-15601#
[CheckServiceBindingOperationStep] Getting application guid "hr-app-srv"...#
#2026 08 05 09:03:20.374#Z#DEBUG#7564f0ed-90ac-11f1-8dd2-eeee0a922324.OPERATION#flowable-async-job-executor-thread-15601#
[CheckServiceBindingOperationStep] Getting GUID of required service instance "hr-app-auth"...#
#2026 08 05 09:03:20.405#Z#DEBUG#7564f0ed-90ac-11f1-8dd2-eeee0a922324.OPERATION#flowable-async-job-executor-thread-15601#
[CheckServiceBindingOperationStep] Getting binding of service instance "f47231f3-a503-48ae-ace6-6a7c830f6ef3" with application "def38b6f-6a82-429a-a2e9-5780a6d478b6"...#
#2026 08 05 09:03:20.437#Z#DEBUG#7564f0ed-90ac-11f1-8dd2-eeee0a922324.OPERATION#flowable-async-job-executor-thread-15601#
[CheckServiceBindingOperationStep] Service binding operation "a042b191-61e9-4704-aebb-36c55be90deb" with type "create" is in state "succeeded"#
#2026 08 05 09:03:20.437#Z#DEBUG#7564f0ed-90ac-11f1-8dd2-eeee0a922324.OPERATION#flowable-async-job-executor-thread-15601#
Step "Check For Service Binding Operation In Progress" finished#
#2026 08 05 09:03:20.466#Z#DEBUG#7564f0ed-90ac-11f1-8dd2-eeee0a922324.OPERATION#flowable-async-job-executor-thread-15601#
[DetermineApplicationServiceBindingActionsStep] Executing task "determineApplicationServiceBindingActionsTask" of process "814a4a20-90ac-11f1-8577-eeee0a96f13a"...#
#2026 08 05 09:03:20.468#Z#DEBUG#7564f0ed-90ac-11f1-8dd2-eeee0a922324.OPERATION#flowable-async-job-executor-thread-15601#
[DetermineApplicationServiceBindingActionsStep] Determine bind/unbind operations of application "hr-app-srv" to service instance "hr-app-auth"#
#2026 08 05 09:03:20.468#Z#DEBUG#7564f0ed-90ac-11f1-8dd2-eeee0a922324.OPERATION#flowable-async-job-executor-thread-15601#
[DetermineApplicationServiceBindingActionsStep] Getting application "hr-app-srv"...#
#2026 08 05 09:03:20.495#Z#DEBUG#7564f0ed-90ac-11f1-8dd2-eeee0a922324.OPERATION#flowable-async-job-executor-thread-15601#
[DetermineApplicationServiceBindingActionsStep] Binding parameters for application "hr-app-srv": { }#
#2026 08 05 09:03:20.529#Z#DEBUG#7564f0ed-90ac-11f1-8dd2-eeee0a922324.OPERATION#flowable-async-job-executor-thread-15601#
[DetermineApplicationServiceBindingActionsStep] Check should rebind application "hr-app-srv" and service instance "hr-app-auth"#
#2026 08 05 09:03:20.529#Z#DEBUG#7564f0ed-90ac-11f1-8dd2-eeee0a922324.OPERATION#flowable-async-job-executor-thread-15601#
[DetermineApplicationServiceBindingActionsStep] Getting GUID of required service instance "hr-app-auth"...#
#2026 08 05 09:03:20.560#Z#DEBUG#7564f0ed-90ac-11f1-8dd2-eeee0a922324.OPERATION#flowable-async-job-executor-thread-15601#
[DetermineApplicationServiceBindingActionsStep] Getting binding of service instance "f47231f3-a503-48ae-ace6-6a7c830f6ef3" with application "def38b6f-6a82-429a-a2e9-5780a6d478b6"...#
#2026 08 05 09:03:20.598#Z#DEBUG#7564f0ed-90ac-11f1-8dd2-eeee0a922324.OPERATION#flowable-async-job-executor-thread-15601#
[DetermineApplicationServiceBindingActionsStep] Getting parameters of service binding "a042b191-61e9-4704-aebb-36c55be90deb"...#
#2026 08 05 09:03:20.631#Z#WARN#7564f0ed-90ac-11f1-8dd2-eeee0a922324.OPERATION#flowable-async-job-executor-thread-15601#
[DetermineApplicationServiceBindingActionsStep] Cannot retrieve parameters of binding between application "hr-app-srv" and service instance "hr-app-auth"#
#2026 08 05 09:03:20.632#Z#DEBUG#7564f0ed-90ac-11f1-8dd2-eeee0a922324.OPERATION#flowable-async-job-executor-thread-15601#
[DetermineApplicationServiceBindingActionsStep] Calculated binding operations between application "hr-app-srv" and service instance "hr-app-auth": unbind - true bind - true#
#2026 08 05 09:03:20.632#Z#DEBUG#7564f0ed-90ac-11f1-8dd2-eeee0a922324.OPERATION#flowable-async-job-executor-thread-15601#
Step "Determine Application Service Binding Actions" finished#
#2026 08 05 09:03:20.666#Z#DEBUG#7564f0ed-90ac-11f1-8dd2-eeee0a922324.OPERATION#flowable-async-job-executor-thread-15601#
[UnbindServiceFromApplicationStep] Executing task "unbindServiceFromApplicationTask" of process "814a4a20-90ac-11f1-8577-eeee0a96f13a"...#
#2026 08 05 09:03:20.668#Z#INFO#7564f0ed-90ac-11f1-8dd2-eeee0a922324.OPERATION#flowable-async-job-executor-thread-15601#
[UnbindServiceFromApplicationStep] Unbinding service instance "hr-app-auth" from application "hr-app-srv"...#
#2026 08 05 09:03:20.673#Z#DEBUG#7564f0ed-90ac-11f1-8dd2-eeee0a922324.OPERATION#flowable-async-job-executor-thread-15601#
[UnbindServiceFromApplicationStep] Unbinding application "hr-app-srv" from service instance "hr-app-auth"...#
#2026 08 05 09:03:20.833#Z#DEBUG#7564f0ed-90ac-11f1-8dd2-eeee0a922324.OPERATION#flowable-async-job-executor-thread-15601#
Step "Unbind Service from Application" finished#
#2026 08 05 09:03:22.232#Z#DEBUG#7564f0ed-90ac-11f1-8dd2-eeee0a922324.OPERATION#flowable-async-job-executor-thread-9164#
[ProcessDescriptorStep] Executing task "reprocessDescriptorTask" of process "8261d4e6-90ac-11f1-8dd2-eeee0a922324"...#
#2026 08 05 09:03:22.232#Z#DEBUG#7564f0ed-90ac-11f1-8dd2-eeee0a922324.OPERATION#flowable-async-job-executor-thread-9164#
[ProcessDescriptorStep] Resolving properties and parameters in merged descriptor...#
#2026 08 05 09:03:22.236#Z#DEBUG#7564f0ed-90ac-11f1-8dd2-eeee0a922324.OPERATION#flowable-async-job-executor-thread-9164#
[ProcessDescriptorStep] Subscriptions: [ ]#
#2026 08 05 09:03:22.242#Z#DEBUG#7564f0ed-90ac-11f1-8dd2-eeee0a922324.OPERATION#flowable-async-job-executor-thread-9164#
[ProcessDescriptorStep] MTA modules: [hr-app-srv, hr-app, hr-app-db-deployer]#
#2026 08 05 09:03:22.246#Z#DEBUG#7564f0ed-90ac-11f1-8dd2-eeee0a922324.OPERATION#flowable-async-job-executor-thread-9164#
[ProcessDescriptorStep] Resolved deployment descriptor: {
  "majorSchemaVersion" : 3,
  "schemaVersion" : "3.3.0",
  "id" : "hr-app",
  "version" : "1.0.0",
  "modules" : [ {
    "majorSchemaVersion" : 3,
    "name" : "hr-app-srv",
    "type" : "javascript.nodejs",
    "path" : "hr-app-srv",
    "properties" : { },
    "parameters" : {
      "default-url" : "https://268a3369trial-dev-hr-app-srv.cfapps.us10-001.hana.ondemand.com",
      "default-app-name" : "hr-app-srv",
      "generated-password" : "********",
      "default-live-url" : "https://268a3369trial-dev-hr-app-srv.cfapps.us10-001.hana.ondemand.com",
      "default-uri" : "268a3369trial-dev-hr-app-srv.cfapps.us10-001.hana.ondemand.com",
      "default-instances" : 1,
      "default-live-host" : "268a3369trial-dev-hr-app-srv",
      "instances" : 1,
      "buildpack" : "nodejs_buildpack",
      "default-host" : "268a3369trial-dev-hr-app-srv",
      "app-name" : "hr-app-srv",
      "default-live-uri" : "268a3369trial-dev-hr-app-srv.cfapps.us10-001.hana.ondemand.com",
      "protocol" : "https",
      "default-live-app-name" : "hr-app-srv",
      "default-live-domain" : "cfapps.us10-001.hana.ondemand.com",
      "domain" : "cfapps.us10-001.hana.ondemand.com",
      "host" : "268a3369trial-dev-hr-app-srv",
      "generated-user" : "********"
    },
    "requiredDependencies" : [ {
      "majorSchemaVersion" : 3,
      "name" : "********",
      "properties" : { },
      "parameters" : { },
      "propertiesMetadata" : {
        "metadata" : { }
      },
      "parametersMetadata" : {
        "metadata" : { }
      }
    }, {
      "majorSchemaVersion" : 3,
      "name" : "hr-app-hdi",
      "properties" : { },
      "parameters" : { },
      "propertiesMetadata" : {
        "metadata" : { }
      },
      "parametersMetadata" : {
        "metadata" : { }
      }
    } ],
    "providedDependencies" : [ {
      "majorSchemaVersion" : 3,
      "name" : "srv-api",
      "isPublic" : false,
      "properties" : {
        "srv-url" : "https://268a3369trial-dev-hr-app-srv.cfapps.us10-001.hana.ondemand.com"
      },
      "parameters" : { },
      "propertiesMetadata" : {
        "metadata" : { }
      },
      "parametersMetadata" : {
        "metadata" : { }
      }
    }, {
      "majorSchemaVersion" : 3,
      "name" : "hr-app-srv",
      "isPublic" : false,
      "properties" : { },
      "parameters" : { },
      "propertiesMetadata" : {
        "metadata" : { }
      },
      "parametersMetadata" : {
        "metadata" : { }
      }
    } ],
    "propertiesMetadata" : {
      "metadata" : { }
    },
    "parametersMetadata" : {
      "metadata" : { }
    },
    "hooks" : [ ]
  }, {
    "majorSchemaVersion" : 3,
    "name" : "hr-app-db-deployer",
    "type" : "com.sap.xs.hdi",
    "path" : "hr-app-db-deployer",
    "properties" : {
      "EXIT" : 1
    },
    "parameters" : {
      "default-url" : "https://268a3369trial-dev-hr-app-db-deployer.cfapps.us10-001.hana.ondemand.com",
      "default-app-name" : "hr-app-db-deployer",
      "generated-password" : "********",
      "default-live-url" : "https://268a3369trial-dev-hr-app-db-deployer.cfapps.us10-001.hana.ondemand.com",
      "default-uri" : "268a3369trial-dev-hr-app-db-deployer.cfapps.us10-001.hana.ondemand.com",
      "memory" : "256M",
      "default-instances" : 1,
      "no-route" : true,
      "default-live-host" : "268a3369trial-dev-hr-app-db-deployer",
      "instances" : 1,
      "buildpack" : "nodejs_buildpack",
      "default-host" : "268a3369trial-dev-hr-app-db-deployer",
      "app-name" : "hr-app-db-deployer",
      "default-live-uri" : "268a3369trial-dev-hr-app-db-deployer.cfapps.us10-001.hana.ondemand.com",
      "protocol" : "https",
      "default-live-app-name" : "hr-app-db-deployer",
      "default-live-domain" : "cfapps.us10-001.hana.ondemand.com",
      "dependency-type" : "hard",
      "domain" : "cfapps.us10-001.hana.ondemand.com",
      "host" : "268a3369trial-dev-hr-app-db-deployer",
      "generated-user" : "********",
      "tasks" : [ {
        "command" : "npm start",
        "memory" : "256M",
        "name" : "deploy"
      } ],
      "no-start" : true
    },
    "requiredDependencies" : [ {
      "majorSchemaVersion" : 3,
      "name" : "hr-app-hdi",
      "properties" : { },
      "parameters" : { },
      "propertiesMetadata" : {
        "metadata" : { }
      },
      "parametersMetadata" : {
        "metadata" : { }
      }
    } ],
    "providedDependencies" : [ {
      "majorSchemaVersion" : 3,
      "name" : "hr-app-db-deployer",
      "isPublic" : false,
      "properties" : { },
      "parameters" : { },
      "propertiesMetadata" : {
        "metadata" : { }
      },
      "parametersMetadata" : {
        "metadata" : { }
      }
    } ],
    "propertiesMetadata" : {
      "metadata" : { }
    },
    "parametersMetadata" : {
      "metadata" : { }
    },
    "hooks" : [ ]
  }, {
    "majorSchemaVersion" : 3,
    "name" : "hr-app",
    "type" : "javascript.nodejs",
    "path" : "hr-app",
    "properties" : { },
    "parameters" : {
      "default-url" : "https://268a3369trial-dev-hr-app.cfapps.us10-001.hana.ondemand.com",
      "default-app-name" : "hr-app",
      "generated-password" : "********",
      "default-live-url" : "https://268a3369trial-dev-hr-app.cfapps.us10-001.hana.ondemand.com",
      "default-uri" : "268a3369trial-dev-hr-app.cfapps.us10-001.hana.ondemand.com",
      "memory" : "256M",
      "default-instances" : 1,
      "default-live-host" : "268a3369trial-dev-hr-app",
      "instances" : 1,
      "default-host" : "268a3369trial-dev-hr-app",
      "keep-existing-routes" : true,
      "app-name" : "hr-app",
      "default-live-uri" : "268a3369trial-dev-hr-app.cfapps.us10-001.hana.ondemand.com",
      "protocol" : "https",
      "default-live-app-name" : "hr-app",
      "default-live-domain" : "cfapps.us10-001.hana.ondemand.com",
      "disk-quota" : "256M",
      "domain" : "cfapps.us10-001.hana.ondemand.com",
      "host" : "268a3369trial-dev-hr-app",
      "generated-user" : "********"
    },
    "requiredDependencies" : [ {
      "majorSchemaVersion" : 3,
      "name" : "srv-api",
      "group" : "destinations",
      "properties" : {
        "name" : "srv-api",
        "forwardAuthToken" : "********",
        "url" : "https://268a3369trial-dev-hr-app-srv.cfapps.us10-001.hana.ondemand.com"
      },
      "parameters" : { },
      "propertiesMetadata" : {
        "metadata" : { }
      },
      "parametersMetadata" : {
        "metadata" : { }
      }
    }, {
      "majorSchemaVersion" : 3,
      "name" : "********",
      "properties" : { },
      "parameters" : { },
      "propertiesMetadata" : {
        "metadata" : { }
      },
      "parametersMetadata" : {
        "metadata" : { }
      }
    } ],
    "providedDependencies" : [ {
      "majorSchemaVersion" : 3,
      "name" : "app-api",
      "isPublic" : false,
      "properties" : {
        "app-protocol" : "https",
        "app-uri" : "268a3369trial-dev-hr-app.cfapps.us10-001.hana.ondemand.com"
      },
      "parameters" : { },
      "propertiesMetadata" : {
        "metadata" : { }
      },
      "parametersMetadata" : {
        "metadata" : { }
      }
    }, {
      "majorSchemaVersion" : 3,
      "name" : "hr-app",
      "isPublic" : false,
      "properties" : { },
      "parameters" : { },
      "propertiesMetadata" : {
        "metadata" : { }
      },
      "parametersMetadata" : {
        "metadata" : { }
      }
    } ],
    "propertiesMetadata" : {
      "metadata" : { }
    },
    "parametersMetadata" : {
      "metadata" : { }
    },
    "hooks" : [ ]
  } ],
  "resources" : [ {
    "majorSchemaVersion" : 3,
    "name" : "********",
    "type" : "org.cloudfoundry.managed-service",
    "properties" : { },
    "parameters" : {
      "generated-password" : "********",
      "path" : "./xs-security.json",
      "service-name" : "********",
      "service-plan" : "application",
      "service" : "xsuaa",
      "generated-user" : "********",
      "default-xsappname" : "********",
      "type" : "managed-service",
      "config" : {
        "oauth2-configuration" : "********",
        "tenant-mode" : "dedicated",
        "xsappname" : "hr-app-268a3369trial-dev"
      },
      "default-service-name" : "********",
      "default-container-name" : "********"
    },
    "isActive" : true,
    "isOptional" : false,
    "propertiesMetadata" : {
      "metadata" : { }
    },
    "parametersMetadata" : {
      "metadata" : { }
    },
    "requiredDependencies" : [ {
      "majorSchemaVersion" : 3,
      "name" : "app-api",
      "properties" : { },
      "parameters" : { },
      "propertiesMetadata" : {
        "metadata" : { }
      },
      "parametersMetadata" : {
        "metadata" : { }
      }
    } ],
    "processedAfter" : [ ]
  }, {
    "majorSchemaVersion" : 3,
    "name" : "hr-app-hdi",
    "type" : "com.sap.xs.hdi-container",
    "properties" : { },
    "parameters" : {
      "generated-password" : "********",
      "service-name" : "hr-app-hdi",
      "service-plan" : "hdi-shared",
      "service" : "hana",
      "generated-user" : "********",
      "default-xsappname" : "hr-app-hdi",
      "type" : "managed-service",
      "default-service-name" : "hr-app-hdi",
      "default-container-name" : "268A3369TRIAL_DEV_HR_APP_HDI"
    },
    "isActive" : true,
    "isOptional" : false,
    "propertiesMetadata" : {
      "metadata" : { }
    },
    "parametersMetadata" : {
      "metadata" : { }
    },
    "requiredDependencies" : [ ],
    "processedAfter" : [ ]
  } ],
  "parameters" : {
    "mta-id" : "hr-app",
    "authorization-url" : "********",
    "org-guid" : "3abbfc99-9733-4563-ae5e-f403e91ab70f",
    "org" : "268a3369trial",
    "deploy-target" : "268a3369trial dev",
    "enable-parallel-deployments" : true,
    "region-primary-domain" : "us10.hana.ondemand.com",
    "space" : "dev",
    "region-domain" : "us10-001.hana.ondemand.com",
    "xs-api-url" : "https://api.cf.us10-001.hana.ondemand.com",
    "deploy-url" : "deploy-service.cfapps.us10-001.hana.ondemand.com",
    "xs-type" : "CF",
    "default-domain" : "cfapps.us10-001.hana.ondemand.com",
    "mta-version" : "1.0.0",
    "xs-auth-url" : "********",
    "space-guid" : "99b52bb6-6dc9-4977-b132-939f31531839",
    "user" : "********",
    "controller-url" : "https://api.cf.us10-001.hana.ondemand.com",
    "timestamp" : "20260805090300"
  },
  "parametersMetadata" : {
    "metadata" : { }
  }
}#
#2026 08 05 09:03:22.246#Z#DEBUG#7564f0ed-90ac-11f1-8dd2-eeee0a922324.OPERATION#flowable-async-job-executor-thread-9164#
[ProcessDescriptorStep] Merged descriptor properties and parameters resolved#
#2026 08 05 09:03:22.246#Z#DEBUG#7564f0ed-90ac-11f1-8dd2-eeee0a922324.OPERATION#flowable-async-job-executor-thread-9164#
Step "Re-Process Descriptor Step" finished#
#2026 08 05 09:03:22.172#Z#DEBUG#7564f0ed-90ac-11f1-8dd2-eeee0a922324.OPERATION#flowable-async-job-executor-thread-9163#
[CheckServiceBindingOperationStep] Executing task "checkForServiceBindingOperationInProgress" of process "825e51d9-90ac-11f1-8dd2-eeee0a922324"...#
#2026 08 05 09:03:22.172#Z#DEBUG#7564f0ed-90ac-11f1-8dd2-eeee0a922324.OPERATION#flowable-async-job-executor-thread-9163#
[CheckServiceBindingOperationStep] Checking for service binding operation in progress between app "hr-app-srv" and service instance "hr-app-hdi"#
#2026 08 05 09:03:22.173#Z#DEBUG#7564f0ed-90ac-11f1-8dd2-eeee0a922324.OPERATION#flowable-async-job-executor-thread-9163#
[CheckServiceBindingOperationStep] Getting application guid "hr-app-srv"...#
#2026 08 05 09:03:22.202#Z#DEBUG#7564f0ed-90ac-11f1-8dd2-eeee0a922324.OPERATION#flowable-async-job-executor-thread-9163#
[CheckServiceBindingOperationStep] Getting GUID of required service instance "hr-app-hdi"...#
#2026 08 05 09:03:22.232#Z#DEBUG#7564f0ed-90ac-11f1-8dd2-eeee0a922324.OPERATION#flowable-async-job-executor-thread-9163#
[CheckServiceBindingOperationStep] Getting binding of service instance "a93c530e-2303-4925-8b5c-e66224ac8dbe" with application "def38b6f-6a82-429a-a2e9-5780a6d478b6"...#
#2026 08 05 09:03:22.268#Z#DEBUG#7564f0ed-90ac-11f1-8dd2-eeee0a922324.OPERATION#flowable-async-job-executor-thread-9163#
[CheckServiceBindingOperationStep] Service binding operation "b7df9dd6-949c-4710-a3a2-3cad37f1096b" with type "create" is in state "succeeded"#
#2026 08 05 09:03:22.268#Z#DEBUG#7564f0ed-90ac-11f1-8dd2-eeee0a922324.OPERATION#flowable-async-job-executor-thread-9163#
Step "Check For Service Binding Operation In Progress" finished#
#2026 08 05 09:03:22.282#Z#DEBUG#7564f0ed-90ac-11f1-8dd2-eeee0a922324.OPERATION#flowable-async-job-executor-thread-9165#
[BuildApplicationDeployModelStep] Executing task "buildApplicationDeployModelTask" of process "8261d4e6-90ac-11f1-8dd2-eeee0a922324"...#
#2026 08 05 09:03:22.285#Z#DEBUG#7564f0ed-90ac-11f1-8dd2-eeee0a922324.OPERATION#flowable-async-job-executor-thread-9165#
[BuildApplicationDeployModelStep] Building cloud deployment model for application "hr-app-db-deployer"...#
#2026 08 05 09:03:22.291#Z#DEBUG#7564f0ed-90ac-11f1-8dd2-eeee0a922324.OPERATION#flowable-async-job-executor-thread-9165#
[BuildApplicationDeployModelStep] No health-check-type is specified. Setting default type: port#
#2026 08 05 09:03:22.291#Z#INFO#7564f0ed-90ac-11f1-8dd2-eeee0a922324.OPERATION#flowable-async-job-executor-thread-9165#
[BuildApplicationDeployModelStep] Building configuration entries for org 268a3369trial, space dev, spaceId 99b52bb6-6dc9-4977-b132-939f31531839 and namespace null!#
#2026 08 05 09:03:22.292#Z#DEBUG#7564f0ed-90ac-11f1-8dd2-eeee0a922324.OPERATION#flowable-async-job-executor-thread-9165#
[BuildApplicationDeployModelStep] Configuration entries to publish: [ ]#
#2026 08 05 09:03:22.293#Z#DEBUG#7564f0ed-90ac-11f1-8dd2-eeee0a922324.OPERATION#flowable-async-job-executor-thread-9165#
[BuildApplicationDeployModelStep] Cloud deployment model for application built#
#2026 08 05 09:03:22.293#Z#DEBUG#7564f0ed-90ac-11f1-8dd2-eeee0a922324.OPERATION#flowable-async-job-executor-thread-9165#
Step "Build Application Deploy Model" finished#
#2026 08 05 09:03:22.304#Z#DEBUG#7564f0ed-90ac-11f1-8dd2-eeee0a922324.OPERATION#flowable-async-job-executor-thread-9166#
[DetermineApplicationServiceBindingActionsStep] Executing task "determineApplicationServiceBindingActionsTask" of process "825e51d9-90ac-11f1-8dd2-eeee0a922324"...#
#2026 08 05 09:03:22.305#Z#DEBUG#7564f0ed-90ac-11f1-8dd2-eeee0a922324.OPERATION#flowable-async-job-executor-thread-9166#
[DetermineApplicationServiceBindingActionsStep] Determine bind/unbind operations of application "hr-app-srv" to service instance "hr-app-hdi"#
#2026 08 05 09:03:22.305#Z#DEBUG#7564f0ed-90ac-11f1-8dd2-eeee0a922324.OPERATION#flowable-async-job-executor-thread-9166#
[DetermineApplicationServiceBindingActionsStep] Getting application "hr-app-srv"...#
#2026 08 05 09:03:22.341#Z#DEBUG#7564f0ed-90ac-11f1-8dd2-eeee0a922324.OPERATION#flowable-async-job-executor-thread-9166#
[DetermineApplicationServiceBindingActionsStep] Binding parameters for application "hr-app-srv": { }#
#2026 08 05 09:03:22.389#Z#DEBUG#7564f0ed-90ac-11f1-8dd2-eeee0a922324.OPERATION#flowable-async-job-executor-thread-9166#
[DetermineApplicationServiceBindingActionsStep] Check should rebind application "hr-app-srv" and service instance "hr-app-hdi"#
#2026 08 05 09:03:22.389#Z#DEBUG#7564f0ed-90ac-11f1-8dd2-eeee0a922324.OPERATION#flowable-async-job-executor-thread-9166#
[DetermineApplicationServiceBindingActionsStep] Getting GUID of required service instance "hr-app-hdi"...#
#2026 08 05 09:03:22.418#Z#DEBUG#7564f0ed-90ac-11f1-8dd2-eeee0a922324.OPERATION#flowable-async-job-executor-thread-9166#
[DetermineApplicationServiceBindingActionsStep] Getting binding of service instance "a93c530e-2303-4925-8b5c-e66224ac8dbe" with application "def38b6f-6a82-429a-a2e9-5780a6d478b6"...#
#2026 08 05 09:03:22.449#Z#DEBUG#7564f0ed-90ac-11f1-8dd2-eeee0a922324.OPERATION#flowable-async-job-executor-thread-9166#
[DetermineApplicationServiceBindingActionsStep] Getting parameters of service binding "b7df9dd6-949c-4710-a3a2-3cad37f1096b"...#
#2026 08 05 09:03:22.644#Z#INFO#7564f0ed-90ac-11f1-8dd2-eeee0a922324.OPERATION#flowable-async-job-executor-thread-9166#
[DetermineApplicationServiceBindingActionsStep] Service instance "hr-app-hdi" will not be rebound to application "hr-app-srv" because the binding parameters are not modified#
#2026 08 05 09:03:22.650#Z#DEBUG#7564f0ed-90ac-11f1-8dd2-eeee0a922324.OPERATION#flowable-async-job-executor-thread-9166#
[DetermineApplicationServiceBindingActionsStep] Calculated binding operations between application "hr-app-srv" and service instance "hr-app-hdi": unbind - false bind - false#
#2026 08 05 09:03:22.650#Z#DEBUG#7564f0ed-90ac-11f1-8dd2-eeee0a922324.OPERATION#flowable-async-job-executor-thread-9166#
Step "Determine Application Service Binding Actions" finished#
#2026 08 05 09:03:22.336#Z#DEBUG#7564f0ed-90ac-11f1-8dd2-eeee0a922324.OPERATION#flowable-async-job-executor-thread-9165#
[CreateOrUpdateAppStep] Executing task "createAppTask" of process "8261d4e6-90ac-11f1-8dd2-eeee0a922324"...#
#2026 08 05 09:03:22.338#Z#DEBUG#7564f0ed-90ac-11f1-8dd2-eeee0a922324.OPERATION#flowable-async-job-executor-thread-9165#
[CreateOrUpdateAppStep] Getting application "hr-app-db-deployer"...#
#2026 08 05 09:03:22.369#Z#INFO#7564f0ed-90ac-11f1-8dd2-eeee0a922324.OPERATION#flowable-async-job-executor-thread-9165#
[CreateOrUpdateAppStep] Updating application "hr-app-db-deployer"...#
#2026 08 05 09:03:22.376#Z#DEBUG#7564f0ed-90ac-11f1-8dd2-eeee0a922324.OPERATION#flowable-async-job-executor-thread-9165#
[CreateOrUpdateAppStep] Getting process for application "beeed844-a807-4ed8-a9f4-331b186edc29"...#
#2026 08 05 09:03:22.417#Z#DEBUG#7564f0ed-90ac-11f1-8dd2-eeee0a922324.OPERATION#flowable-async-job-executor-thread-9165#
[CreateOrUpdateAppStep] Getting routes for application "beeed844-a807-4ed8-a9f4-331b186edc29"...#
#2026 08 05 09:03:22.446#Z#DEBUG#7564f0ed-90ac-11f1-8dd2-eeee0a922324.OPERATION#flowable-async-job-executor-thread-9165#
[CreateOrUpdateAppStep] Getting features for application "beeed844-a807-4ed8-a9f4-331b186edc29"#
#2026 08 05 09:03:22.465#Z#DEBUG#7564f0ed-90ac-11f1-8dd2-eeee0a922324.OPERATION#flowable-async-job-executor-thread-9165#
[CreateOrUpdateAppStep] Updating staging of application "hr-app-db-deployer" to: {
  "buildpacks" : [ "nodejs_buildpack" ],
  "healthCheckType" : "port",
  "appFeatures" : { }
}#
#2026 08 05 09:03:22.653#Z#DEBUG#7564f0ed-90ac-11f1-8dd2-eeee0a922324.OPERATION#flowable-async-job-executor-thread-9165#
[CreateOrUpdateAppStep] Application "hr-app-db-deployer" updated#
#2026 08 05 09:03:22.653#Z#DEBUG#7564f0ed-90ac-11f1-8dd2-eeee0a922324.OPERATION#flowable-async-job-executor-thread-9165#
[CreateOrUpdateAppStep] Getting environment of application "beeed844-a807-4ed8-a9f4-331b186edc29"...#
#2026 08 05 09:03:22.715#Z#DEBUG#7564f0ed-90ac-11f1-8dd2-eeee0a922324.OPERATION#flowable-async-job-executor-thread-9165#
[CreateOrUpdateAppStep] Application "hr-app-db-deployer" updated#
#2026 08 05 09:03:22.715#Z#DEBUG#7564f0ed-90ac-11f1-8dd2-eeee0a922324.OPERATION#flowable-async-job-executor-thread-9165#
Step "Create App" finished#
#2026 08 05 09:03:22.819#Z#DEBUG#7564f0ed-90ac-11f1-8dd2-eeee0a922324.OPERATION#flowable-async-job-executor-thread-9165#
[CheckServiceBindingOperationStep] Executing task "checkForServiceBindingOperationInProgress" of process "82c21cbe-90ac-11f1-8dd2-eeee0a922324"...#
#2026 08 05 09:03:22.819#Z#DEBUG#7564f0ed-90ac-11f1-8dd2-eeee0a922324.OPERATION#flowable-async-job-executor-thread-9165#
[CheckServiceBindingOperationStep] Checking for service binding operation in progress between app "hr-app-db-deployer" and service instance "hr-app-hdi"#
#2026 08 05 09:03:22.820#Z#DEBUG#7564f0ed-90ac-11f1-8dd2-eeee0a922324.OPERATION#flowable-async-job-executor-thread-9165#
[CheckServiceBindingOperationStep] Getting application guid "hr-app-db-deployer"...#
#2026 08 05 09:03:22.849#Z#DEBUG#7564f0ed-90ac-11f1-8dd2-eeee0a922324.OPERATION#flowable-async-job-executor-thread-9165#
[CheckServiceBindingOperationStep] Getting GUID of required service instance "hr-app-hdi"...#
#2026 08 05 09:03:22.890#Z#DEBUG#7564f0ed-90ac-11f1-8dd2-eeee0a922324.OPERATION#flowable-async-job-executor-thread-9165#
[CheckServiceBindingOperationStep] Getting binding of service instance "a93c530e-2303-4925-8b5c-e66224ac8dbe" with application "beeed844-a807-4ed8-a9f4-331b186edc29"...#
#2026 08 05 09:03:22.934#Z#DEBUG#7564f0ed-90ac-11f1-8dd2-eeee0a922324.OPERATION#flowable-async-job-executor-thread-9165#
[CheckServiceBindingOperationStep] Service binding operation "dd386326-0074-4ea6-98a5-08f3c69c42e6" with type "create" is in state "succeeded"#
#2026 08 05 09:03:22.934#Z#DEBUG#7564f0ed-90ac-11f1-8dd2-eeee0a922324.OPERATION#flowable-async-job-executor-thread-9165#
Step "Check For Service Binding Operation In Progress" finished#
#2026 08 05 09:03:22.964#Z#DEBUG#7564f0ed-90ac-11f1-8dd2-eeee0a922324.OPERATION#flowable-async-job-executor-thread-9165#
[DetermineApplicationServiceBindingActionsStep] Executing task "determineApplicationServiceBindingActionsTask" of process "82c21cbe-90ac-11f1-8dd2-eeee0a922324"...#
#2026 08 05 09:03:22.966#Z#DEBUG#7564f0ed-90ac-11f1-8dd2-eeee0a922324.OPERATION#flowable-async-job-executor-thread-9165#
[DetermineApplicationServiceBindingActionsStep] Determine bind/unbind operations of application "hr-app-db-deployer" to service instance "hr-app-hdi"#
#2026 08 05 09:03:22.966#Z#DEBUG#7564f0ed-90ac-11f1-8dd2-eeee0a922324.OPERATION#flowable-async-job-executor-thread-9165#
[DetermineApplicationServiceBindingActionsStep] Getting application "hr-app-db-deployer"...#
#2026 08 05 09:03:23.002#Z#DEBUG#7564f0ed-90ac-11f1-8dd2-eeee0a922324.OPERATION#flowable-async-job-executor-thread-9165#
[DetermineApplicationServiceBindingActionsStep] Binding parameters for application "hr-app-db-deployer": { }#
#2026 08 05 09:03:23.038#Z#DEBUG#7564f0ed-90ac-11f1-8dd2-eeee0a922324.OPERATION#flowable-async-job-executor-thread-9165#
[DetermineApplicationServiceBindingActionsStep] Check should rebind application "hr-app-db-deployer" and service instance "hr-app-hdi"#
#2026 08 05 09:03:23.038#Z#DEBUG#7564f0ed-90ac-11f1-8dd2-eeee0a922324.OPERATION#flowable-async-job-executor-thread-9165#
[DetermineApplicationServiceBindingActionsStep] Getting GUID of required service instance "hr-app-hdi"...#
#2026 08 05 09:03:23.065#Z#DEBUG#7564f0ed-90ac-11f1-8dd2-eeee0a922324.OPERATION#flowable-async-job-executor-thread-9165#
[DetermineApplicationServiceBindingActionsStep] Getting binding of service instance "a93c530e-2303-4925-8b5c-e66224ac8dbe" with application "beeed844-a807-4ed8-a9f4-331b186edc29"...#
#2026 08 05 09:03:23.098#Z#DEBUG#7564f0ed-90ac-11f1-8dd2-eeee0a922324.OPERATION#flowable-async-job-executor-thread-9165#
[DetermineApplicationServiceBindingActionsStep] Getting parameters of service binding "dd386326-0074-4ea6-98a5-08f3c69c42e6"...#
#2026 08 05 09:03:23.289#Z#INFO#7564f0ed-90ac-11f1-8dd2-eeee0a922324.OPERATION#flowable-async-job-executor-thread-9165#
[DetermineApplicationServiceBindingActionsStep] Service instance "hr-app-hdi" will not be rebound to application "hr-app-db-deployer" because the binding parameters are not modified#
#2026 08 05 09:03:23.295#Z#DEBUG#7564f0ed-90ac-11f1-8dd2-eeee0a922324.OPERATION#flowable-async-job-executor-thread-9165#
[DetermineApplicationServiceBindingActionsStep] Calculated binding operations between application "hr-app-db-deployer" and service instance "hr-app-hdi": unbind - false bind - false#
#2026 08 05 09:03:23.295#Z#DEBUG#7564f0ed-90ac-11f1-8dd2-eeee0a922324.OPERATION#flowable-async-job-executor-thread-9165#
Step "Determine Application Service Binding Actions" finished#
#2026 08 05 09:03:23.423#Z#DEBUG#7564f0ed-90ac-11f1-8dd2-eeee0a922324.OPERATION#flowable-async-job-executor-thread-9165#
[DetermineVcapServicesPropertiesChangedStep] Executing task "determineVcapServicesPropertiesChangedTask" of process "831d0e18-90ac-11f1-8dd2-eeee0a922324"...#
#2026 08 05 09:03:23.425#Z#DEBUG#7564f0ed-90ac-11f1-8dd2-eeee0a922324.OPERATION#flowable-async-job-executor-thread-9165#
[DetermineVcapServicesPropertiesChangedStep] VCAP_SERVICES properties for application "hr-app-db-deployer" changed: false#
#2026 08 05 09:03:23.425#Z#DEBUG#7564f0ed-90ac-11f1-8dd2-eeee0a922324.OPERATION#flowable-async-job-executor-thread-9165#
Step "Determine vcap services properties changed" finished#
#2026 08 05 09:03:23.459#Z#DEBUG#7564f0ed-90ac-11f1-8dd2-eeee0a922324.OPERATION#flowable-async-job-executor-thread-9165#
[UploadAppStep] Executing task "uploadAppTask" of process "831d0e18-90ac-11f1-8dd2-eeee0a922324"...#
#2026 08 05 09:03:23.461#Z#DEBUG#7564f0ed-90ac-11f1-8dd2-eeee0a922324.OPERATION#flowable-async-job-executor-thread-9165#
[UploadAppStep] Application upload timeout is default one: 3,600 seconds#
#2026 08 05 09:03:23.461#Z#INFO#7564f0ed-90ac-11f1-8dd2-eeee0a922324.OPERATION#flowable-async-job-executor-thread-9165#
[UploadAppStep] Uploading application "hr-app-db-deployer"...#
#2026 08 05 09:03:23.467#Z#DEBUG#7564f0ed-90ac-11f1-8dd2-eeee0a922324.OPERATION#flowable-async-job-executor-thread-9165#
[UploadAppStep] Getting application "hr-app-db-deployer"...#
#2026 08 05 09:03:23.491#Z#DEBUG#7564f0ed-90ac-11f1-8dd2-eeee0a922324.OPERATION#flowable-async-job-executor-thread-9165#
[UploadAppStep] Getting environment of application "beeed844-a807-4ed8-a9f4-331b186edc29"...#
#2026 08 05 09:03:23.528#Z#INFO#7564f0ed-90ac-11f1-8dd2-eeee0a922324.OPERATION#flowable-async-job-executor-thread-9165#
[UploadAppStep] Calculating application digest: "hr-app-db-deployer"#
#2026 08 05 09:03:23.692#Z#DEBUG#7564f0ed-90ac-11f1-8dd2-eeee0a922324.OPERATION#flowable-async-job-executor-thread-9165#
Step "Upload App" finished#
#2026 08 05 09:03:25.236#Z#DEBUG#7564f0ed-90ac-11f1-8dd2-eeee0a922324.OPERATION#flowable-async-job-executor-thread-8740#
[ProcessDescriptorStep] Executing task "reprocessDescriptorTask" of process "842c349f-90ac-11f1-83f0-eeee0a98f14a"...#
#2026 08 05 09:03:25.237#Z#DEBUG#7564f0ed-90ac-11f1-8dd2-eeee0a922324.OPERATION#flowable-async-job-executor-thread-8740#
[ProcessDescriptorStep] Resolving properties and parameters in merged descriptor...#
#2026 08 05 09:03:25.240#Z#DEBUG#7564f0ed-90ac-11f1-8dd2-eeee0a922324.OPERATION#flowable-async-job-executor-thread-8740#
[ProcessDescriptorStep] Subscriptions: [ ]#
#2026 08 05 09:03:25.247#Z#DEBUG#7564f0ed-90ac-11f1-8dd2-eeee0a922324.OPERATION#flowable-async-job-executor-thread-8740#
[ProcessDescriptorStep] MTA modules: [hr-app-srv, hr-app, hr-app-db-deployer]#
#2026 08 05 09:03:25.251#Z#DEBUG#7564f0ed-90ac-11f1-8dd2-eeee0a922324.OPERATION#flowable-async-job-executor-thread-8740#
[ProcessDescriptorStep] Resolved deployment descriptor: {
  "majorSchemaVersion" : 3,
  "schemaVersion" : "3.3.0",
  "id" : "hr-app",
  "version" : "1.0.0",
  "modules" : [ {
    "majorSchemaVersion" : 3,
    "name" : "hr-app-srv",
    "type" : "javascript.nodejs",
    "path" : "hr-app-srv",
    "properties" : { },
    "parameters" : {
      "default-url" : "https://268a3369trial-dev-hr-app-srv.cfapps.us10-001.hana.ondemand.com",
      "default-app-name" : "hr-app-srv",
      "generated-password" : "********",
      "default-live-url" : "https://268a3369trial-dev-hr-app-srv.cfapps.us10-001.hana.ondemand.com",
      "default-uri" : "268a3369trial-dev-hr-app-srv.cfapps.us10-001.hana.ondemand.com",
      "default-instances" : 1,
      "default-live-host" : "268a3369trial-dev-hr-app-srv",
      "instances" : 1,
      "buildpack" : "nodejs_buildpack",
      "default-host" : "268a3369trial-dev-hr-app-srv",
      "app-name" : "hr-app-srv",
      "default-live-uri" : "268a3369trial-dev-hr-app-srv.cfapps.us10-001.hana.ondemand.com",
      "protocol" : "https",
      "default-live-app-name" : "hr-app-srv",
      "default-live-domain" : "cfapps.us10-001.hana.ondemand.com",
      "domain" : "cfapps.us10-001.hana.ondemand.com",
      "host" : "268a3369trial-dev-hr-app-srv",
      "generated-user" : "********"
    },
    "requiredDependencies" : [ {
      "majorSchemaVersion" : 3,
      "name" : "********",
      "properties" : { },
      "parameters" : { },
      "propertiesMetadata" : {
        "metadata" : { }
      },
      "parametersMetadata" : {
        "metadata" : { }
      }
    }, {
      "majorSchemaVersion" : 3,
      "name" : "hr-app-hdi",
      "properties" : { },
      "parameters" : { },
      "propertiesMetadata" : {
        "metadata" : { }
      },
      "parametersMetadata" : {
        "metadata" : { }
      }
    } ],
    "providedDependencies" : [ {
      "majorSchemaVersion" : 3,
      "name" : "srv-api",
      "isPublic" : false,
      "properties" : {
        "srv-url" : "https://268a3369trial-dev-hr-app-srv.cfapps.us10-001.hana.ondemand.com"
      },
      "parameters" : { },
      "propertiesMetadata" : {
        "metadata" : { }
      },
      "parametersMetadata" : {
        "metadata" : { }
      }
    }, {
      "majorSchemaVersion" : 3,
      "name" : "hr-app-srv",
      "isPublic" : false,
      "properties" : { },
      "parameters" : { },
      "propertiesMetadata" : {
        "metadata" : { }
      },
      "parametersMetadata" : {
        "metadata" : { }
      }
    } ],
    "propertiesMetadata" : {
      "metadata" : { }
    },
    "parametersMetadata" : {
      "metadata" : { }
    },
    "hooks" : [ ]
  }, {
    "majorSchemaVersion" : 3,
    "name" : "hr-app-db-deployer",
    "type" : "com.sap.xs.hdi",
    "path" : "hr-app-db-deployer",
    "properties" : {
      "EXIT" : 1
    },
    "parameters" : {
      "default-url" : "https://268a3369trial-dev-hr-app-db-deployer.cfapps.us10-001.hana.ondemand.com",
      "default-app-name" : "hr-app-db-deployer",
      "generated-password" : "********",
      "default-live-url" : "https://268a3369trial-dev-hr-app-db-deployer.cfapps.us10-001.hana.ondemand.com",
      "default-uri" : "268a3369trial-dev-hr-app-db-deployer.cfapps.us10-001.hana.ondemand.com",
      "memory" : "256M",
      "default-instances" : 1,
      "no-route" : true,
      "default-live-host" : "268a3369trial-dev-hr-app-db-deployer",
      "instances" : 1,
      "buildpack" : "nodejs_buildpack",
      "default-host" : "268a3369trial-dev-hr-app-db-deployer",
      "app-name" : "hr-app-db-deployer",
      "default-live-uri" : "268a3369trial-dev-hr-app-db-deployer.cfapps.us10-001.hana.ondemand.com",
      "protocol" : "https",
      "default-live-app-name" : "hr-app-db-deployer",
      "default-live-domain" : "cfapps.us10-001.hana.ondemand.com",
      "dependency-type" : "hard",
      "domain" : "cfapps.us10-001.hana.ondemand.com",
      "host" : "268a3369trial-dev-hr-app-db-deployer",
      "generated-user" : "********",
      "tasks" : [ {
        "command" : "npm start",
        "memory" : "256M",
        "name" : "deploy"
      } ],
      "no-start" : true
    },
    "requiredDependencies" : [ {
      "majorSchemaVersion" : 3,
      "name" : "hr-app-hdi",
      "properties" : { },
      "parameters" : { },
      "propertiesMetadata" : {
        "metadata" : { }
      },
      "parametersMetadata" : {
        "metadata" : { }
      }
    } ],
    "providedDependencies" : [ {
      "majorSchemaVersion" : 3,
      "name" : "hr-app-db-deployer",
      "isPublic" : false,
      "properties" : { },
      "parameters" : { },
      "propertiesMetadata" : {
        "metadata" : { }
      },
      "parametersMetadata" : {
        "metadata" : { }
      }
    } ],
    "propertiesMetadata" : {
      "metadata" : { }
    },
    "parametersMetadata" : {
      "metadata" : { }
    },
    "hooks" : [ ]
  }, {
    "majorSchemaVersion" : 3,
    "name" : "hr-app",
    "type" : "javascript.nodejs",
    "path" : "hr-app",
    "properties" : { },
    "parameters" : {
      "default-url" : "https://268a3369trial-dev-hr-app.cfapps.us10-001.hana.ondemand.com",
      "default-app-name" : "hr-app",
      "generated-password" : "********",
      "default-live-url" : "https://268a3369trial-dev-hr-app.cfapps.us10-001.hana.ondemand.com",
      "default-uri" : "268a3369trial-dev-hr-app.cfapps.us10-001.hana.ondemand.com",
      "memory" : "256M",
      "default-instances" : 1,
      "default-live-host" : "268a3369trial-dev-hr-app",
      "instances" : 1,
      "default-host" : "268a3369trial-dev-hr-app",
      "keep-existing-routes" : true,
      "app-name" : "hr-app",
      "default-live-uri" : "268a3369trial-dev-hr-app.cfapps.us10-001.hana.ondemand.com",
      "protocol" : "https",
      "default-live-app-name" : "hr-app",
      "default-live-domain" : "cfapps.us10-001.hana.ondemand.com",
      "disk-quota" : "256M",
      "domain" : "cfapps.us10-001.hana.ondemand.com",
      "host" : "268a3369trial-dev-hr-app",
      "generated-user" : "********"
    },
    "requiredDependencies" : [ {
      "majorSchemaVersion" : 3,
      "name" : "srv-api",
      "group" : "destinations",
      "properties" : {
        "name" : "srv-api",
        "forwardAuthToken" : "********",
        "url" : "https://268a3369trial-dev-hr-app-srv.cfapps.us10-001.hana.ondemand.com"
      },
      "parameters" : { },
      "propertiesMetadata" : {
        "metadata" : { }
      },
      "parametersMetadata" : {
        "metadata" : { }
      }
    }, {
      "majorSchemaVersion" : 3,
      "name" : "********",
      "properties" : { },
      "parameters" : { },
      "propertiesMetadata" : {
        "metadata" : { }
      },
      "parametersMetadata" : {
        "metadata" : { }
      }
    } ],
    "providedDependencies" : [ {
      "majorSchemaVersion" : 3,
      "name" : "app-api",
      "isPublic" : false,
      "properties" : {
        "app-protocol" : "https",
        "app-uri" : "268a3369trial-dev-hr-app.cfapps.us10-001.hana.ondemand.com"
      },
      "parameters" : { },
      "propertiesMetadata" : {
        "metadata" : { }
      },
      "parametersMetadata" : {
        "metadata" : { }
      }
    }, {
      "majorSchemaVersion" : 3,
      "name" : "hr-app",
      "isPublic" : false,
      "properties" : { },
      "parameters" : { },
      "propertiesMetadata" : {
        "metadata" : { }
      },
      "parametersMetadata" : {
        "metadata" : { }
      }
    } ],
    "propertiesMetadata" : {
      "metadata" : { }
    },
    "parametersMetadata" : {
      "metadata" : { }
    },
    "hooks" : [ ]
  } ],
  "resources" : [ {
    "majorSchemaVersion" : 3,
    "name" : "********",
    "type" : "org.cloudfoundry.managed-service",
    "properties" : { },
    "parameters" : {
      "generated-password" : "********",
      "path" : "./xs-security.json",
      "service-name" : "********",
      "service-plan" : "application",
      "service" : "xsuaa",
      "generated-user" : "********",
      "default-xsappname" : "********",
      "type" : "managed-service",
      "config" : {
        "oauth2-configuration" : "********",
        "tenant-mode" : "dedicated",
        "xsappname" : "hr-app-268a3369trial-dev"
      },
      "default-service-name" : "********",
      "default-container-name" : "********"
    },
    "isActive" : true,
    "isOptional" : false,
    "propertiesMetadata" : {
      "metadata" : { }
    },
    "parametersMetadata" : {
      "metadata" : { }
    },
    "requiredDependencies" : [ {
      "majorSchemaVersion" : 3,
      "name" : "app-api",
      "properties" : { },
      "parameters" : { },
      "propertiesMetadata" : {
        "metadata" : { }
      },
      "parametersMetadata" : {
        "metadata" : { }
      }
    } ],
    "processedAfter" : [ ]
  }, {
    "majorSchemaVersion" : 3,
    "name" : "hr-app-hdi",
    "type" : "com.sap.xs.hdi-container",
    "properties" : { },
    "parameters" : {
      "generated-password" : "********",
      "service-name" : "hr-app-hdi",
      "service-plan" : "hdi-shared",
      "service" : "hana",
      "generated-user" : "********",
      "default-xsappname" : "hr-app-hdi",
      "type" : "managed-service",
      "default-service-name" : "hr-app-hdi",
      "default-container-name" : "268A3369TRIAL_DEV_HR_APP_HDI"
    },
    "isActive" : true,
    "isOptional" : false,
    "propertiesMetadata" : {
      "metadata" : { }
    },
    "parametersMetadata" : {
      "metadata" : { }
    },
    "requiredDependencies" : [ ],
    "processedAfter" : [ ]
  } ],
  "parameters" : {
    "mta-id" : "hr-app",
    "authorization-url" : "********",
    "org-guid" : "3abbfc99-9733-4563-ae5e-f403e91ab70f",
    "org" : "268a3369trial",
    "deploy-target" : "268a3369trial dev",
    "enable-parallel-deployments" : true,
    "region-primary-domain" : "us10.hana.ondemand.com",
    "space" : "dev",
    "region-domain" : "us10-001.hana.ondemand.com",
    "xs-api-url" : "https://api.cf.us10-001.hana.ondemand.com",
    "deploy-url" : "deploy-service.cfapps.us10-001.hana.ondemand.com",
    "xs-type" : "CF",
    "default-domain" : "cfapps.us10-001.hana.ondemand.com",
    "mta-version" : "1.0.0",
    "xs-auth-url" : "********",
    "space-guid" : "99b52bb6-6dc9-4977-b132-939f31531839",
    "user" : "********",
    "controller-url" : "https://api.cf.us10-001.hana.ondemand.com",
    "timestamp" : "20260805090300"
  },
  "parametersMetadata" : {
    "metadata" : { }
  }
}#
#2026 08 05 09:03:25.251#Z#DEBUG#7564f0ed-90ac-11f1-8dd2-eeee0a922324.OPERATION#flowable-async-job-executor-thread-8740#
[ProcessDescriptorStep] Merged descriptor properties and parameters resolved#
#2026 08 05 09:03:25.251#Z#DEBUG#7564f0ed-90ac-11f1-8dd2-eeee0a922324.OPERATION#flowable-async-job-executor-thread-8740#
Step "Re-Process Descriptor Step" finished#
#2026 08 05 09:03:25.290#Z#DEBUG#7564f0ed-90ac-11f1-8dd2-eeee0a922324.OPERATION#flowable-async-job-executor-thread-8741#
[BuildApplicationDeployModelStep] Executing task "buildApplicationDeployModelTask" of process "842c349f-90ac-11f1-83f0-eeee0a98f14a"...#
#2026 08 05 09:03:25.293#Z#DEBUG#7564f0ed-90ac-11f1-8dd2-eeee0a922324.OPERATION#flowable-async-job-executor-thread-8741#
[BuildApplicationDeployModelStep] Building cloud deployment model for application "hr-app"...#
#2026 08 05 09:03:25.297#Z#DEBUG#7564f0ed-90ac-11f1-8dd2-eeee0a922324.OPERATION#flowable-async-job-executor-thread-8741#
[BuildApplicationDeployModelStep] Getting routes for application "0fe9d8fa-1307-466c-994e-872d606b712d"...#
#2026 08 05 09:03:25.334#Z#DEBUG#7564f0ed-90ac-11f1-8dd2-eeee0a922324.OPERATION#flowable-async-job-executor-thread-8741#
[BuildApplicationDeployModelStep] No health-check-type is specified. Setting default type: port#
#2026 08 05 09:03:25.335#Z#INFO#7564f0ed-90ac-11f1-8dd2-eeee0a922324.OPERATION#flowable-async-job-executor-thread-8741#
[BuildApplicationDeployModelStep] Building configuration entries for org 268a3369trial, space dev, spaceId 99b52bb6-6dc9-4977-b132-939f31531839 and namespace null!#
#2026 08 05 09:03:25.336#Z#DEBUG#7564f0ed-90ac-11f1-8dd2-eeee0a922324.OPERATION#flowable-async-job-executor-thread-8741#
[BuildApplicationDeployModelStep] Configuration entries to publish: [ ]#
#2026 08 05 09:03:25.336#Z#DEBUG#7564f0ed-90ac-11f1-8dd2-eeee0a922324.OPERATION#flowable-async-job-executor-thread-8741#
[BuildApplicationDeployModelStep] Cloud deployment model for application built#
#2026 08 05 09:03:25.336#Z#DEBUG#7564f0ed-90ac-11f1-8dd2-eeee0a922324.OPERATION#flowable-async-job-executor-thread-8741#
Step "Build Application Deploy Model" finished#
#2026 08 05 09:03:25.389#Z#DEBUG#7564f0ed-90ac-11f1-8dd2-eeee0a922324.OPERATION#flowable-async-job-executor-thread-8742#
[CreateOrUpdateAppStep] Executing task "createAppTask" of process "842c349f-90ac-11f1-83f0-eeee0a98f14a"...#
#2026 08 05 09:03:25.392#Z#DEBUG#7564f0ed-90ac-11f1-8dd2-eeee0a922324.OPERATION#flowable-async-job-executor-thread-8742#
[CreateOrUpdateAppStep] Getting application "hr-app"...#
#2026 08 05 09:03:25.422#Z#INFO#7564f0ed-90ac-11f1-8dd2-eeee0a922324.OPERATION#flowable-async-job-executor-thread-8742#
[CreateOrUpdateAppStep] Updating application "hr-app"...#
#2026 08 05 09:03:25.431#Z#DEBUG#7564f0ed-90ac-11f1-8dd2-eeee0a922324.OPERATION#flowable-async-job-executor-thread-8742#
[CreateOrUpdateAppStep] Getting process for application "0fe9d8fa-1307-466c-994e-872d606b712d"...#
#2026 08 05 09:03:25.852#Z#DEBUG#7564f0ed-90ac-11f1-8dd2-eeee0a922324.OPERATION#flowable-async-job-executor-thread-8742#
[CreateOrUpdateAppStep] Getting routes for application "0fe9d8fa-1307-466c-994e-872d606b712d"...#
#2026 08 05 09:03:25.881#Z#DEBUG#7564f0ed-90ac-11f1-8dd2-eeee0a922324.OPERATION#flowable-async-job-executor-thread-8742#
[CreateOrUpdateAppStep] Getting features for application "0fe9d8fa-1307-466c-994e-872d606b712d"#
#2026 08 05 09:03:25.906#Z#DEBUG#7564f0ed-90ac-11f1-8dd2-eeee0a922324.OPERATION#flowable-async-job-executor-thread-8742#
[CreateOrUpdateAppStep] Updating staging of application "hr-app" to: {
  "buildpacks" : [ ],
  "healthCheckType" : "port",
  "appFeatures" : { }
}#
#2026 08 05 09:03:26.113#Z#DEBUG#7564f0ed-90ac-11f1-8dd2-eeee0a922324.OPERATION#flowable-async-job-executor-thread-8742#
[CreateOrUpdateAppStep] Application "hr-app" updated#
#2026 08 05 09:03:26.113#Z#DEBUG#7564f0ed-90ac-11f1-8dd2-eeee0a922324.OPERATION#flowable-async-job-executor-thread-8742#
[CreateOrUpdateAppStep] Getting environment of application "0fe9d8fa-1307-466c-994e-872d606b712d"...#
#2026 08 05 09:03:26.180#Z#DEBUG#7564f0ed-90ac-11f1-8dd2-eeee0a922324.OPERATION#flowable-async-job-executor-thread-8742#
[CreateOrUpdateAppStep] Application "hr-app" updated#
#2026 08 05 09:03:26.180#Z#DEBUG#7564f0ed-90ac-11f1-8dd2-eeee0a922324.OPERATION#flowable-async-job-executor-thread-8742#
Step "Create App" finished#
#2026 08 05 09:03:26.293#Z#DEBUG#7564f0ed-90ac-11f1-8dd2-eeee0a922324.OPERATION#flowable-async-job-executor-thread-8744#
[CheckServiceBindingOperationStep] Executing task "checkForServiceBindingOperationInProgress" of process "84d40cb2-90ac-11f1-83f0-eeee0a98f14a"...#
#2026 08 05 09:03:26.293#Z#DEBUG#7564f0ed-90ac-11f1-8dd2-eeee0a922324.OPERATION#flowable-async-job-executor-thread-8744#
[CheckServiceBindingOperationStep] Checking for service binding operation in progress between app "hr-app" and service instance "hr-app-auth"#
#2026 08 05 09:03:26.294#Z#DEBUG#7564f0ed-90ac-11f1-8dd2-eeee0a922324.OPERATION#flowable-async-job-executor-thread-8744#
[CheckServiceBindingOperationStep] Getting application guid "hr-app"...#
#2026 08 05 09:03:26.322#Z#DEBUG#7564f0ed-90ac-11f1-8dd2-eeee0a922324.OPERATION#flowable-async-job-executor-thread-8744#
[CheckServiceBindingOperationStep] Getting GUID of required service instance "hr-app-auth"...#
#2026 08 05 09:03:26.358#Z#DEBUG#7564f0ed-90ac-11f1-8dd2-eeee0a922324.OPERATION#flowable-async-job-executor-thread-8744#
[CheckServiceBindingOperationStep] Getting binding of service instance "f47231f3-a503-48ae-ace6-6a7c830f6ef3" with application "0fe9d8fa-1307-466c-994e-872d606b712d"...#
#2026 08 05 09:03:26.390#Z#DEBUG#7564f0ed-90ac-11f1-8dd2-eeee0a922324.OPERATION#flowable-async-job-executor-thread-8744#
[CheckServiceBindingOperationStep] Service binding operation "103b88c2-6188-44d8-bb3e-b485ff547643" with type "create" is in state "succeeded"#
#2026 08 05 09:03:26.391#Z#DEBUG#7564f0ed-90ac-11f1-8dd2-eeee0a922324.OPERATION#flowable-async-job-executor-thread-8744#
Step "Check For Service Binding Operation In Progress" finished#
#2026 08 05 09:03:26.429#Z#DEBUG#7564f0ed-90ac-11f1-8dd2-eeee0a922324.OPERATION#flowable-async-job-executor-thread-8745#
[DetermineApplicationServiceBindingActionsStep] Executing task "determineApplicationServiceBindingActionsTask" of process "84d40cb2-90ac-11f1-83f0-eeee0a98f14a"...#
#2026 08 05 09:03:26.431#Z#DEBUG#7564f0ed-90ac-11f1-8dd2-eeee0a922324.OPERATION#flowable-async-job-executor-thread-8745#
[DetermineApplicationServiceBindingActionsStep] Determine bind/unbind operations of application "hr-app" to service instance "hr-app-auth"#
#2026 08 05 09:03:26.431#Z#DEBUG#7564f0ed-90ac-11f1-8dd2-eeee0a922324.OPERATION#flowable-async-job-executor-thread-8745#
[DetermineApplicationServiceBindingActionsStep] Getting application "hr-app"...#
#2026 08 05 09:03:26.462#Z#DEBUG#7564f0ed-90ac-11f1-8dd2-eeee0a922324.OPERATION#flowable-async-job-executor-thread-8745#
[DetermineApplicationServiceBindingActionsStep] Binding parameters for application "hr-app": { }#
#2026 08 05 09:03:26.491#Z#DEBUG#7564f0ed-90ac-11f1-8dd2-eeee0a922324.OPERATION#flowable-async-job-executor-thread-8745#
[DetermineApplicationServiceBindingActionsStep] Check should rebind application "hr-app" and service instance "hr-app-auth"#
#2026 08 05 09:03:26.491#Z#DEBUG#7564f0ed-90ac-11f1-8dd2-eeee0a922324.OPERATION#flowable-async-job-executor-thread-8745#
[DetermineApplicationServiceBindingActionsStep] Getting GUID of required service instance "hr-app-auth"...#
#2026 08 05 09:03:26.522#Z#DEBUG#7564f0ed-90ac-11f1-8dd2-eeee0a922324.OPERATION#flowable-async-job-executor-thread-8745#
[DetermineApplicationServiceBindingActionsStep] Getting binding of service instance "f47231f3-a503-48ae-ace6-6a7c830f6ef3" with application "0fe9d8fa-1307-466c-994e-872d606b712d"...#
#2026 08 05 09:03:26.551#Z#DEBUG#7564f0ed-90ac-11f1-8dd2-eeee0a922324.OPERATION#flowable-async-job-executor-thread-8745#
[DetermineApplicationServiceBindingActionsStep] Getting parameters of service binding "103b88c2-6188-44d8-bb3e-b485ff547643"...#
#2026 08 05 09:03:26.585#Z#WARN#7564f0ed-90ac-11f1-8dd2-eeee0a922324.OPERATION#flowable-async-job-executor-thread-8745#
[DetermineApplicationServiceBindingActionsStep] Cannot retrieve parameters of binding between application "hr-app" and service instance "hr-app-auth"#
#2026 08 05 09:03:26.587#Z#DEBUG#7564f0ed-90ac-11f1-8dd2-eeee0a922324.OPERATION#flowable-async-job-executor-thread-8745#
[DetermineApplicationServiceBindingActionsStep] Calculated binding operations between application "hr-app" and service instance "hr-app-auth": unbind - true bind - true#
#2026 08 05 09:03:26.587#Z#DEBUG#7564f0ed-90ac-11f1-8dd2-eeee0a922324.OPERATION#flowable-async-job-executor-thread-8745#
Step "Determine Application Service Binding Actions" finished#
#2026 08 05 09:03:26.636#Z#DEBUG#7564f0ed-90ac-11f1-8dd2-eeee0a922324.OPERATION#flowable-async-job-executor-thread-8746#
[UnbindServiceFromApplicationStep] Executing task "unbindServiceFromApplicationTask" of process "84d40cb2-90ac-11f1-83f0-eeee0a98f14a"...#
#2026 08 05 09:03:26.639#Z#INFO#7564f0ed-90ac-11f1-8dd2-eeee0a922324.OPERATION#flowable-async-job-executor-thread-8746#
[UnbindServiceFromApplicationStep] Unbinding service instance "hr-app-auth" from application "hr-app"...#
#2026 08 05 09:03:26.645#Z#DEBUG#7564f0ed-90ac-11f1-8dd2-eeee0a922324.OPERATION#flowable-async-job-executor-thread-8746#
[UnbindServiceFromApplicationStep] Unbinding application "hr-app" from service instance "hr-app-auth"...#
#2026 08 05 09:03:26.790#Z#DEBUG#7564f0ed-90ac-11f1-8dd2-eeee0a922324.OPERATION#flowable-async-job-executor-thread-8746#
Step "Unbind Service from Application" finished#
#2026 08 05 09:03:28.960#Z#DEBUG#7564f0ed-90ac-11f1-8dd2-eeee0a922324.OPERATION#flowable-async-job-executor-thread-15604#
[UnbindServiceFromApplicationStep] Executing task "unbindServiceFromApplicationTask" of process "814a4a20-90ac-11f1-8577-eeee0a96f13a"...#
#2026 08 05 09:03:28.962#Z#DEBUG#7564f0ed-90ac-11f1-8dd2-eeee0a922324.OPERATION#flowable-async-job-executor-thread-15604#
[UnbindServiceFromApplicationStep] Getting async job "6b88f1a3-7cf9-48fd-8f29-efba56af4b8d"#
#2026 08 05 09:03:28.996#Z#DEBUG#7564f0ed-90ac-11f1-8dd2-eeee0a922324.OPERATION#flowable-async-job-executor-thread-15604#
[UnbindServiceFromApplicationStep] Getting service instance "hr-app-auth"...#
#2026 08 05 09:03:29.091#Z#DEBUG#7564f0ed-90ac-11f1-8dd2-eeee0a922324.OPERATION#flowable-async-job-executor-thread-15604#
[UnbindServiceFromApplicationStep] Async service binding operation with id "6b88f1a3-7cf9-48fd-8f29-efba56af4b8d" finished#
#2026 08 05 09:03:29.095#Z#DEBUG#7564f0ed-90ac-11f1-8dd2-eeee0a922324.OPERATION#flowable-async-job-executor-thread-15604#
Step "Unbind Service from Application" finished#
#2026 08 05 09:03:29.137#Z#DEBUG#7564f0ed-90ac-11f1-8dd2-eeee0a922324.OPERATION#flowable-async-job-executor-thread-15604#
[BindServiceToApplicationStep] Executing task "bindServiceToApplicationTask" of process "814a4a20-90ac-11f1-8577-eeee0a96f13a"...#
#2026 08 05 09:03:29.139#Z#INFO#7564f0ed-90ac-11f1-8dd2-eeee0a922324.OPERATION#flowable-async-job-executor-thread-15604#
[BindServiceToApplicationStep] Binding service instance "hr-app-auth" to application "hr-app-srv"...#
#2026 08 05 09:03:29.148#Z#DEBUG#7564f0ed-90ac-11f1-8dd2-eeee0a922324.OPERATION#flowable-async-job-executor-thread-15604#
[BindServiceToApplicationStep] Binding service instance "hr-app-auth" to application "hr-app-srv" with parameters: { }#
#2026 08 05 09:03:29.260#Z#DEBUG#7564f0ed-90ac-11f1-8dd2-eeee0a922324.OPERATION#flowable-async-job-executor-thread-15604#
Step "Bind Service to Application" finished#
#2026 08 05 09:03:28.958#Z#DEBUG#7564f0ed-90ac-11f1-8dd2-eeee0a922324.OPERATION#flowable-async-job-executor-thread-15610#
[UploadAppStep] Executing task "uploadAppTask" of process "831d0e18-90ac-11f1-8dd2-eeee0a922324"...#
#2026 08 05 09:03:28.959#Z#DEBUG#7564f0ed-90ac-11f1-8dd2-eeee0a922324.OPERATION#flowable-async-job-executor-thread-15610#
[UploadAppStep] Application upload timeout is default one: 3,600 seconds#
#2026 08 05 09:03:28.961#Z#DEBUG#7564f0ed-90ac-11f1-8dd2-eeee0a922324.OPERATION#pool-21-thread-3#
[UploadAppStep] Upload of application: hr-app-db-deployer started on instance: 0#
#2026 08 05 09:03:28.961#Z#DEBUG#7564f0ed-90ac-11f1-8dd2-eeee0a922324.OPERATION#pool-21-thread-3#
[UploadAppStep] Uploading file "hr-app-db-deployer/data.zip" for application "hr-app-db-deployer"#
#2026 08 05 09:03:29.068#Z#INFO#7564f0ed-90ac-11f1-8dd2-eeee0a922324.OPERATION#pool-21-thread-3#
[UploadAppStep] Time elapsed for app binary download: 106 in millis#
#2026 08 05 09:03:29.068#Z#INFO#7564f0ed-90ac-11f1-8dd2-eeee0a922324.OPERATION#pool-21-thread-3#
[UploadAppStep] Size of app hr-app-db-deployer is 2,464,145 bytes#
#2026 08 05 09:03:29.068#Z#DEBUG#7564f0ed-90ac-11f1-8dd2-eeee0a922324.OPERATION#pool-21-thread-3#
[UploadAppStep] Asynchronously uploading binaries for application "hr-app-db-deployer"...#
#2026 08 05 09:03:29.254#Z#INFO#7564f0ed-90ac-11f1-8dd2-eeee0a922324.OPERATION#pool-21-thread-3#
[UploadAppStep] Started async upload of application "hr-app-db-deployer"#
#2026 08 05 09:03:29.259#Z#INFO#7564f0ed-90ac-11f1-8dd2-eeee0a922324.OPERATION#flowable-async-job-executor-thread-15610#
[UploadAppStep] Time elapsed for upload: 299 in millis#
#2026 08 05 09:03:29.259#Z#DEBUG#7564f0ed-90ac-11f1-8dd2-eeee0a922324.OPERATION#flowable-async-job-executor-thread-15610#
[UploadAppStep] Getting application "hr-app-db-deployer"...#
#2026 08 05 09:03:29.284#Z#DEBUG#7564f0ed-90ac-11f1-8dd2-eeee0a922324.OPERATION#App upload monitor: fa18ab65-0729-459f-b23e-e0e14228ccfd#
[UploadAppStep] Upload status: PROCESSING_UPLOAD#
#2026 08 05 09:03:29.288#Z#DEBUG#7564f0ed-90ac-11f1-8dd2-eeee0a922324.OPERATION#flowable-async-job-executor-thread-15610#
[UploadAppStep] Getting environment of application "beeed844-a807-4ed8-a9f4-331b186edc29"...#
#2026 08 05 09:03:29.319#Z#DEBUG#7564f0ed-90ac-11f1-8dd2-eeee0a922324.OPERATION#flowable-async-job-executor-thread-15610#
[UploadAppStep] Updating environment of application "hr-app-db-deployer"#
#2026 08 05 09:03:29.400#Z#DEBUG#7564f0ed-90ac-11f1-8dd2-eeee0a922324.OPERATION#flowable-async-job-executor-thread-15610#
Step "Upload App" finished#
#2026 08 05 09:03:34.314#Z#DEBUG#7564f0ed-90ac-11f1-8dd2-eeee0a922324.OPERATION#App upload monitor: fa18ab65-0729-459f-b23e-e0e14228ccfd#
[UploadAppStep] Upload status: READY#
#2026 08 05 09:03:38.983#Z#DEBUG#7564f0ed-90ac-11f1-8dd2-eeee0a922324.OPERATION#flowable-async-job-executor-thread-15612#
[UploadAppStep] Executing task "uploadAppTask" of process "831d0e18-90ac-11f1-8dd2-eeee0a922324"...#
#2026 08 05 09:03:38.985#Z#DEBUG#7564f0ed-90ac-11f1-8dd2-eeee0a922324.OPERATION#flowable-async-job-executor-thread-15612#
[UploadAppStep] Application upload timeout is default one: 3,600 seconds#
#2026 08 05 09:03:38.985#Z#DEBUG#7564f0ed-90ac-11f1-8dd2-eeee0a922324.OPERATION#flowable-async-job-executor-thread-15612#
[UploadAppStep] Checking upload status of application "hr-app-db-deployer"...#
#2026 08 05 09:03:38.987#Z#DEBUG#7564f0ed-90ac-11f1-8dd2-eeee0a922324.OPERATION#flowable-async-job-executor-thread-15612#
[UploadAppStep] Getting package "fa18ab65-0729-459f-b23e-e0e14228ccfd"...#
#2026 08 05 09:03:39.013#Z#DEBUG#7564f0ed-90ac-11f1-8dd2-eeee0a922324.OPERATION#flowable-async-job-executor-thread-15612#
[UploadAppStep] Application "hr-app-db-deployer" uploaded#
#2026 08 05 09:03:39.015#Z#DEBUG#7564f0ed-90ac-11f1-8dd2-eeee0a922324.OPERATION#flowable-async-job-executor-thread-15612#
Step "Upload App" finished#
#2026 08 05 09:03:38.978#Z#DEBUG#7564f0ed-90ac-11f1-8dd2-eeee0a922324.OPERATION#flowable-async-job-executor-thread-15613#
[UnbindServiceFromApplicationStep] Executing task "unbindServiceFromApplicationTask" of process "84d40cb2-90ac-11f1-83f0-eeee0a98f14a"...#
#2026 08 05 09:03:38.981#Z#DEBUG#7564f0ed-90ac-11f1-8dd2-eeee0a922324.OPERATION#flowable-async-job-executor-thread-15613#
[UnbindServiceFromApplicationStep] Getting async job "5f361b24-2349-4cc1-bdd2-6ae1affae7ed"#
#2026 08 05 09:03:39.004#Z#DEBUG#7564f0ed-90ac-11f1-8dd2-eeee0a922324.OPERATION#flowable-async-job-executor-thread-15613#
[UnbindServiceFromApplicationStep] Getting service instance "hr-app-auth"...#
#2026 08 05 09:03:39.100#Z#DEBUG#7564f0ed-90ac-11f1-8dd2-eeee0a922324.OPERATION#flowable-async-job-executor-thread-15613#
[UnbindServiceFromApplicationStep] Async service binding operation with id "5f361b24-2349-4cc1-bdd2-6ae1affae7ed" finished#
#2026 08 05 09:03:39.103#Z#DEBUG#7564f0ed-90ac-11f1-8dd2-eeee0a922324.OPERATION#flowable-async-job-executor-thread-15613#
Step "Unbind Service from Application" finished#
#2026 08 05 09:03:39.048#Z#DEBUG#7564f0ed-90ac-11f1-8dd2-eeee0a922324.OPERATION#flowable-async-job-executor-thread-15612#
[ScaleAppStep] Executing task "scaleAppTask" of process "831d0e18-90ac-11f1-8dd2-eeee0a922324"...#
#2026 08 05 09:03:39.050#Z#DEBUG#7564f0ed-90ac-11f1-8dd2-eeee0a922324.OPERATION#flowable-async-job-executor-thread-15612#
[ScaleAppStep] Scaling application "hr-app-db-deployer"...#
#2026 08 05 09:03:39.050#Z#DEBUG#7564f0ed-90ac-11f1-8dd2-eeee0a922324.OPERATION#flowable-async-job-executor-thread-15612#
[ScaleAppStep] Getting application guid "hr-app-db-deployer"...#
#2026 08 05 09:03:39.078#Z#DEBUG#7564f0ed-90ac-11f1-8dd2-eeee0a922324.OPERATION#flowable-async-job-executor-thread-15612#
[ScaleAppStep] Getting process for application "beeed844-a807-4ed8-a9f4-331b186edc29"...#
#2026 08 05 09:03:39.109#Z#DEBUG#7564f0ed-90ac-11f1-8dd2-eeee0a922324.OPERATION#flowable-async-job-executor-thread-15612#
[ScaleAppStep] Application "hr-app-db-deployer" scaled#
#2026 08 05 09:03:39.109#Z#DEBUG#7564f0ed-90ac-11f1-8dd2-eeee0a922324.OPERATION#flowable-async-job-executor-thread-15612#
Step "Scale App" finished#
#2026 08 05 09:03:39.030#Z#DEBUG#7564f0ed-90ac-11f1-8dd2-eeee0a922324.OPERATION#flowable-async-job-executor-thread-15616#
[BindServiceToApplicationStep] Executing task "bindServiceToApplicationTask" of process "814a4a20-90ac-11f1-8577-eeee0a96f13a"...#
#2026 08 05 09:03:39.032#Z#DEBUG#7564f0ed-90ac-11f1-8dd2-eeee0a922324.OPERATION#flowable-async-job-executor-thread-15616#
[BindServiceToApplicationStep] Getting async job "0b70b671-5da3-4f37-bd12-1b0d505c3481"#
#2026 08 05 09:03:39.058#Z#DEBUG#7564f0ed-90ac-11f1-8dd2-eeee0a922324.OPERATION#flowable-async-job-executor-thread-15616#
[BindServiceToApplicationStep] Getting service instance "hr-app-auth"...#
#2026 08 05 09:03:39.148#Z#DEBUG#7564f0ed-90ac-11f1-8dd2-eeee0a922324.OPERATION#flowable-async-job-executor-thread-15613#
[BindServiceToApplicationStep] Executing task "bindServiceToApplicationTask" of process "84d40cb2-90ac-11f1-83f0-eeee0a98f14a"...#
#2026 08 05 09:03:39.150#Z#INFO#7564f0ed-90ac-11f1-8dd2-eeee0a922324.OPERATION#flowable-async-job-executor-thread-15613#
[BindServiceToApplicationStep] Binding service instance "hr-app-auth" to application "hr-app"...#
#2026 08 05 09:03:39.155#Z#DEBUG#7564f0ed-90ac-11f1-8dd2-eeee0a922324.OPERATION#flowable-async-job-executor-thread-15616#
[BindServiceToApplicationStep] Async service binding operation with id "0b70b671-5da3-4f37-bd12-1b0d505c3481" finished#
#2026 08 05 09:03:39.157#Z#DEBUG#7564f0ed-90ac-11f1-8dd2-eeee0a922324.OPERATION#flowable-async-job-executor-thread-15616#
Step "Bind Service to Application" finished#
#2026 08 05 09:03:39.157#Z#DEBUG#7564f0ed-90ac-11f1-8dd2-eeee0a922324.OPERATION#flowable-async-job-executor-thread-15613#
[BindServiceToApplicationStep] Binding service instance "hr-app-auth" to application "hr-app" with parameters: { }#
#2026 08 05 09:03:39.144#Z#DEBUG#7564f0ed-90ac-11f1-8dd2-eeee0a922324.OPERATION#flowable-async-job-executor-thread-15612#
[DetermineDesiredStateAchievingActionsStep] Executing task "determineDesiredStateAchievingActionsTask" of process "831d0e18-90ac-11f1-8dd2-eeee0a922324"...#
#2026 08 05 09:03:39.146#Z#DEBUG#7564f0ed-90ac-11f1-8dd2-eeee0a922324.OPERATION#flowable-async-job-executor-thread-15612#
[DetermineDesiredStateAchievingActionsStep] Getting application "hr-app-db-deployer"...#
#2026 08 05 09:03:39.176#Z#DEBUG#7564f0ed-90ac-11f1-8dd2-eeee0a922324.OPERATION#flowable-async-job-executor-thread-15612#
[DetermineDesiredStateAchievingActionsStep] Getting instances for application "hr-app-db-deployer"...#
#2026 08 05 09:03:39.176#Z#DEBUG#7564f0ed-90ac-11f1-8dd2-eeee0a922324.OPERATION#flowable-async-job-executor-thread-15612#
[DetermineDesiredStateAchievingActionsStep] Getting environment of application "beeed844-a807-4ed8-a9f4-331b186edc29"...#
#2026 08 05 09:03:39.217#Z#DEBUG#7564f0ed-90ac-11f1-8dd2-eeee0a922324.OPERATION#flowable-async-job-executor-thread-15612#
[DetermineDesiredStateAchievingActionsStep] Current state of application hr-app-db-deployer: STOPPED#
#2026 08 05 09:03:39.217#Z#DEBUG#7564f0ed-90ac-11f1-8dd2-eeee0a922324.OPERATION#flowable-async-job-executor-thread-15612#
[DetermineDesiredStateAchievingActionsStep] Desired state of application hr-app-db-deployer: STOPPED#
#2026 08 05 09:03:39.217#Z#DEBUG#7564f0ed-90ac-11f1-8dd2-eeee0a922324.OPERATION#flowable-async-job-executor-thread-15612#
[DetermineDesiredStateAchievingActionsStep] Actions that should be executed on application hr-app-db-deployer: [STAGE]#
#2026 08 05 09:03:39.217#Z#DEBUG#7564f0ed-90ac-11f1-8dd2-eeee0a922324.OPERATION#flowable-async-job-executor-thread-15612#
Step "Determine Desired State Achieving Actions" finished#
#2026 08 05 09:03:39.277#Z#DEBUG#7564f0ed-90ac-11f1-8dd2-eeee0a922324.OPERATION#flowable-async-job-executor-thread-15613#
Step "Bind Service to Application" finished#
#2026 08 05 09:03:39.299#Z#DEBUG#7564f0ed-90ac-11f1-8dd2-eeee0a922324.OPERATION#flowable-async-job-executor-thread-15616#
[DetermineVcapServicesPropertiesChangedStep] Executing task "determineVcapServicesPropertiesChangedTask" of process "8c92517d-90ac-11f1-8577-eeee0a96f13a"...#
#2026 08 05 09:03:39.301#Z#DEBUG#7564f0ed-90ac-11f1-8dd2-eeee0a922324.OPERATION#flowable-async-job-executor-thread-15616#
[DetermineVcapServicesPropertiesChangedStep] VCAP_SERVICES properties for application "hr-app-srv" changed: true#
#2026 08 05 09:03:39.301#Z#DEBUG#7564f0ed-90ac-11f1-8dd2-eeee0a922324.OPERATION#flowable-async-job-executor-thread-15616#
Step "Determine vcap services properties changed" finished#
#2026 08 05 09:03:39.252#Z#DEBUG#7564f0ed-90ac-11f1-8dd2-eeee0a922324.OPERATION#flowable-async-job-executor-thread-15612#
[StageAppStep] Executing task "stageAppTask" of process "831d0e18-90ac-11f1-8dd2-eeee0a922324"...#
#2026 08 05 09:03:39.254#Z#DEBUG#7564f0ed-90ac-11f1-8dd2-eeee0a922324.OPERATION#flowable-async-job-executor-thread-15612#
[StageAppStep] Application stage timeout is default one: 3,600 seconds#
#2026 08 05 09:03:39.256#Z#INFO#7564f0ed-90ac-11f1-8dd2-eeee0a922324.OPERATION#flowable-async-job-executor-thread-15612#
[StageAppStep] Staging application "hr-app-db-deployer"...#
#2026 08 05 09:03:39.260#Z#DEBUG#7564f0ed-90ac-11f1-8dd2-eeee0a922324.OPERATION#flowable-async-job-executor-thread-15612#
[StageAppStep] Creating build for package "fa18ab65-0729-459f-b23e-e0e14228ccfd"...#
#2026 08 05 09:03:39.645#Z#DEBUG#7564f0ed-90ac-11f1-8dd2-eeee0a922324.OPERATION#flowable-async-job-executor-thread-15612#
Step "Stage App" finished#
#2026 08 05 09:03:39.330#Z#DEBUG#7564f0ed-90ac-11f1-8dd2-eeee0a922324.OPERATION#flowable-async-job-executor-thread-15616#
[UploadAppStep] Executing task "uploadAppTask" of process "8c92517d-90ac-11f1-8577-eeee0a96f13a"...#
#2026 08 05 09:03:39.332#Z#DEBUG#7564f0ed-90ac-11f1-8dd2-eeee0a922324.OPERATION#flowable-async-job-executor-thread-15616#
[UploadAppStep] Application upload timeout is default one: 3,600 seconds#
#2026 08 05 09:03:39.332#Z#INFO#7564f0ed-90ac-11f1-8dd2-eeee0a922324.OPERATION#flowable-async-job-executor-thread-15616#
[UploadAppStep] Uploading application "hr-app-srv"...#
#2026 08 05 09:03:39.337#Z#DEBUG#7564f0ed-90ac-11f1-8dd2-eeee0a922324.OPERATION#flowable-async-job-executor-thread-15616#
[UploadAppStep] Getting application "hr-app-srv"...#
#2026 08 05 09:03:39.365#Z#DEBUG#7564f0ed-90ac-11f1-8dd2-eeee0a922324.OPERATION#flowable-async-job-executor-thread-15616#
[UploadAppStep] Getting environment of application "def38b6f-6a82-429a-a2e9-5780a6d478b6"...#
#2026 08 05 09:03:39.399#Z#INFO#7564f0ed-90ac-11f1-8dd2-eeee0a922324.OPERATION#flowable-async-job-executor-thread-15616#
[UploadAppStep] Calculating application digest: "hr-app-srv"#
#2026 08 05 09:03:39.983#Z#DEBUG#7564f0ed-90ac-11f1-8dd2-eeee0a922324.OPERATION#flowable-async-job-executor-thread-15616#
Step "Upload App" finished#
#2026 08 05 09:03:49.043#Z#DEBUG#7564f0ed-90ac-11f1-8dd2-eeee0a922324.OPERATION#flowable-async-job-executor-thread-15622#
[BindServiceToApplicationStep] Executing task "bindServiceToApplicationTask" of process "84d40cb2-90ac-11f1-83f0-eeee0a98f14a"...#
#2026 08 05 09:03:49.046#Z#DEBUG#7564f0ed-90ac-11f1-8dd2-eeee0a922324.OPERATION#flowable-async-job-executor-thread-15622#
[BindServiceToApplicationStep] Getting async job "f07e05a9-8a44-4cf4-b6a6-ba081ec77a0a"#
#2026 08 05 09:03:49.086#Z#DEBUG#7564f0ed-90ac-11f1-8dd2-eeee0a922324.OPERATION#flowable-async-job-executor-thread-15622#
[BindServiceToApplicationStep] Getting service instance "hr-app-auth"...#
#2026 08 05 09:03:49.193#Z#DEBUG#7564f0ed-90ac-11f1-8dd2-eeee0a922324.OPERATION#flowable-async-job-executor-thread-15622#
[BindServiceToApplicationStep] Async service binding operation with id "f07e05a9-8a44-4cf4-b6a6-ba081ec77a0a" finished#
#2026 08 05 09:03:49.201#Z#DEBUG#7564f0ed-90ac-11f1-8dd2-eeee0a922324.OPERATION#flowable-async-job-executor-thread-15622#
Step "Bind Service to Application" finished#
#2026 08 05 09:03:49.083#Z#DEBUG#7564f0ed-90ac-11f1-8dd2-eeee0a922324.OPERATION#flowable-async-job-executor-thread-15624#
[StageAppStep] Executing task "stageAppTask" of process "831d0e18-90ac-11f1-8dd2-eeee0a922324"...#
#2026 08 05 09:03:49.086#Z#DEBUG#7564f0ed-90ac-11f1-8dd2-eeee0a922324.OPERATION#flowable-async-job-executor-thread-15624#
[StageAppStep] Application stage timeout is default one: 3,600 seconds#
#2026 08 05 09:03:49.087#Z#DEBUG#7564f0ed-90ac-11f1-8dd2-eeee0a922324.OPERATION#flowable-async-job-executor-thread-15624#
[StageAppStep] Checking status of application "hr-app-db-deployer"...#
#2026 08 05 09:03:49.087#Z#DEBUG#7564f0ed-90ac-11f1-8dd2-eeee0a922324.OPERATION#flowable-async-job-executor-thread-15624#
[StageAppStep] Getting build "04f0b48e-a2d6-4e47-80c9-31bd5a83ce92"...#
#2026 08 05 09:03:49.122#Z#DEBUG#7564f0ed-90ac-11f1-8dd2-eeee0a922324.OPERATION#flowable-async-job-executor-thread-15624#
[StageAppStep] Staging status of application "hr-app-db-deployer": PENDING#
#2026 08 05 09:03:49.123#Z#DEBUG#7564f0ed-90ac-11f1-8dd2-eeee0a922324.OPERATION#flowable-async-job-executor-thread-15624#
[StageAppStep] Getting application guid "hr-app-db-deployer"...#
#2026 08 05 09:03:49.200#Z#DEBUG#7564f0ed-90ac-11f1-8dd2-eeee0a922324.OPERATION#flowable-async-job-executor-thread-15624#
Step "Stage App" finished#
#2026 08 05 09:03:49.469#Z#DEBUG#7564f0ed-90ac-11f1-8dd2-eeee0a922324.OPERATION#flowable-async-job-executor-thread-15622#
[DetermineVcapServicesPropertiesChangedStep] Executing task "determineVcapServicesPropertiesChangedTask" of process "92983820-90ac-11f1-8577-eeee0a96f13a"...#
#2026 08 05 09:03:49.479#Z#DEBUG#7564f0ed-90ac-11f1-8dd2-eeee0a922324.OPERATION#flowable-async-job-executor-thread-15622#
[DetermineVcapServicesPropertiesChangedStep] VCAP_SERVICES properties for application "hr-app" changed: true#
#2026 08 05 09:03:49.479#Z#DEBUG#7564f0ed-90ac-11f1-8dd2-eeee0a922324.OPERATION#flowable-async-job-executor-thread-15622#
Step "Determine vcap services properties changed" finished#
#2026 08 05 09:03:49.099#Z#DEBUG#7564f0ed-90ac-11f1-8dd2-eeee0a922324.OPERATION#flowable-async-job-executor-thread-15620#
[UploadAppStep] Executing task "uploadAppTask" of process "8c92517d-90ac-11f1-8577-eeee0a96f13a"...#
#2026 08 05 09:03:49.101#Z#DEBUG#7564f0ed-90ac-11f1-8dd2-eeee0a922324.OPERATION#flowable-async-job-executor-thread-15620#
[UploadAppStep] Application upload timeout is default one: 3,600 seconds#
#2026 08 05 09:03:49.103#Z#DEBUG#7564f0ed-90ac-11f1-8dd2-eeee0a922324.OPERATION#pool-21-thread-3#
[UploadAppStep] Upload of application: hr-app-srv started on instance: 0#
#2026 08 05 09:03:49.103#Z#DEBUG#7564f0ed-90ac-11f1-8dd2-eeee0a922324.OPERATION#pool-21-thread-3#
[UploadAppStep] Uploading file "hr-app-srv/data.zip" for application "hr-app-srv"#
#2026 08 05 09:03:49.545#Z#DEBUG#7564f0ed-90ac-11f1-8dd2-eeee0a922324.OPERATION#flowable-async-job-executor-thread-15622#
[UploadAppStep] Executing task "uploadAppTask" of process "92983820-90ac-11f1-8577-eeee0a96f13a"...#
#2026 08 05 09:03:49.546#Z#DEBUG#7564f0ed-90ac-11f1-8dd2-eeee0a922324.OPERATION#flowable-async-job-executor-thread-15622#
[UploadAppStep] Application upload timeout is default one: 3,600 seconds#
#2026 08 05 09:03:49.547#Z#INFO#7564f0ed-90ac-11f1-8dd2-eeee0a922324.OPERATION#flowable-async-job-executor-thread-15622#
[UploadAppStep] Uploading application "hr-app"...#
#2026 08 05 09:03:49.553#Z#DEBUG#7564f0ed-90ac-11f1-8dd2-eeee0a922324.OPERATION#flowable-async-job-executor-thread-15622#
[UploadAppStep] Getting application "hr-app"...#
#2026 08 05 09:03:49.577#Z#DEBUG#7564f0ed-90ac-11f1-8dd2-eeee0a922324.OPERATION#flowable-async-job-executor-thread-15622#
[UploadAppStep] Getting environment of application "0fe9d8fa-1307-466c-994e-872d606b712d"...#
#2026 08 05 09:03:49.619#Z#INFO#7564f0ed-90ac-11f1-8dd2-eeee0a922324.OPERATION#flowable-async-job-executor-thread-15622#
[UploadAppStep] Calculating application digest: "hr-app"#
#2026 08 05 09:03:49.865#Z#INFO#7564f0ed-90ac-11f1-8dd2-eeee0a922324.OPERATION#pool-21-thread-3#
[UploadAppStep] Time elapsed for app binary download: 761 in millis#
#2026 08 05 09:03:49.865#Z#INFO#7564f0ed-90ac-11f1-8dd2-eeee0a922324.OPERATION#pool-21-thread-3#
[UploadAppStep] Size of app hr-app-srv is 44,810,133 bytes#
#2026 08 05 09:03:49.865#Z#DEBUG#7564f0ed-90ac-11f1-8dd2-eeee0a922324.OPERATION#pool-21-thread-3#
[UploadAppStep] Asynchronously uploading binaries for application "hr-app-srv"...#
#2026 08 05 09:03:49.885#Z#DEBUG#7564f0ed-90ac-11f1-8dd2-eeee0a922324.OPERATION#flowable-async-job-executor-thread-15622#
Step "Upload App" finished#
#2026 08 05 09:03:50.446#Z#INFO#7564f0ed-90ac-11f1-8dd2-eeee0a922324.OPERATION#pool-21-thread-3#
[UploadAppStep] Started async upload of application "hr-app-srv"#
#2026 08 05 09:03:50.451#Z#INFO#7564f0ed-90ac-11f1-8dd2-eeee0a922324.OPERATION#flowable-async-job-executor-thread-15620#
[UploadAppStep] Time elapsed for upload: 1,349 in millis#
#2026 08 05 09:03:50.451#Z#DEBUG#7564f0ed-90ac-11f1-8dd2-eeee0a922324.OPERATION#flowable-async-job-executor-thread-15620#
[UploadAppStep] Getting application "hr-app-srv"...#
#2026 08 05 09:03:50.472#Z#DEBUG#7564f0ed-90ac-11f1-8dd2-eeee0a922324.OPERATION#App upload monitor: d41a9465-5f89-4efa-824a-528df017bb28#
[UploadAppStep] Upload status: PROCESSING_UPLOAD#
#2026 08 05 09:03:50.478#Z#DEBUG#7564f0ed-90ac-11f1-8dd2-eeee0a922324.OPERATION#flowable-async-job-executor-thread-15620#
[UploadAppStep] Getting environment of application "def38b6f-6a82-429a-a2e9-5780a6d478b6"...#
#2026 08 05 09:03:50.511#Z#DEBUG#7564f0ed-90ac-11f1-8dd2-eeee0a922324.OPERATION#flowable-async-job-executor-thread-15620#
[UploadAppStep] Updating environment of application "hr-app-srv"#
#2026 08 05 09:03:50.588#Z#DEBUG#7564f0ed-90ac-11f1-8dd2-eeee0a922324.OPERATION#flowable-async-job-executor-thread-15620#
Step "Upload App" finished#
#2026 08 05 09:03:59.078#Z#DEBUG#7564f0ed-90ac-11f1-8dd2-eeee0a922324.OPERATION#flowable-async-job-executor-thread-15633#
[StageAppStep] Executing task "stageAppTask" of process "831d0e18-90ac-11f1-8dd2-eeee0a922324"...#
#2026 08 05 09:03:59.081#Z#DEBUG#7564f0ed-90ac-11f1-8dd2-eeee0a922324.OPERATION#flowable-async-job-executor-thread-15633#
[StageAppStep] Application stage timeout is default one: 3,600 seconds#
#2026 08 05 09:03:59.082#Z#DEBUG#7564f0ed-90ac-11f1-8dd2-eeee0a922324.OPERATION#flowable-async-job-executor-thread-15633#
[StageAppStep] Checking status of application "hr-app-db-deployer"...#
#2026 08 05 09:03:59.082#Z#DEBUG#7564f0ed-90ac-11f1-8dd2-eeee0a922324.OPERATION#flowable-async-job-executor-thread-15633#
[StageAppStep] Getting build "04f0b48e-a2d6-4e47-80c9-31bd5a83ce92"...#
#2026 08 05 09:03:59.115#Z#DEBUG#7564f0ed-90ac-11f1-8dd2-eeee0a922324.OPERATION#flowable-async-job-executor-thread-15633#
[StageAppStep] Staging status of application "hr-app-db-deployer": PENDING#
#2026 08 05 09:03:59.117#Z#DEBUG#7564f0ed-90ac-11f1-8dd2-eeee0a922324.OPERATION#flowable-async-job-executor-thread-15633#
[StageAppStep] Getting application guid "hr-app-db-deployer"...#
#2026 08 05 09:03:59.206#Z#DEBUG#7564f0ed-90ac-11f1-8dd2-eeee0a922324.OPERATION#flowable-async-job-executor-thread-15633#
Step "Stage App" finished#
#2026 08 05 09:03:55.498#Z#DEBUG#7564f0ed-90ac-11f1-8dd2-eeee0a922324.OPERATION#App upload monitor: d41a9465-5f89-4efa-824a-528df017bb28#
[UploadAppStep] Upload status: PROCESSING_UPLOAD#
#2026 08 05 09:03:59.088#Z#DEBUG#7564f0ed-90ac-11f1-8dd2-eeee0a922324.OPERATION#flowable-async-job-executor-thread-15630#
[UploadAppStep] Executing task "uploadAppTask" of process "92983820-90ac-11f1-8577-eeee0a96f13a"...#
#2026 08 05 09:03:59.090#Z#DEBUG#7564f0ed-90ac-11f1-8dd2-eeee0a922324.OPERATION#flowable-async-job-executor-thread-15630#
[UploadAppStep] Application upload timeout is default one: 3,600 seconds#
#2026 08 05 09:03:59.092#Z#DEBUG#7564f0ed-90ac-11f1-8dd2-eeee0a922324.OPERATION#pool-21-thread-3#
[UploadAppStep] Upload of application: hr-app started on instance: 0#
#2026 08 05 09:03:59.092#Z#DEBUG#7564f0ed-90ac-11f1-8dd2-eeee0a922324.OPERATION#pool-21-thread-3#
[UploadAppStep] Uploading file "hr-app/data.zip" for application "hr-app"#
#2026 08 05 09:03:59.258#Z#INFO#7564f0ed-90ac-11f1-8dd2-eeee0a922324.OPERATION#pool-21-thread-3#
[UploadAppStep] Time elapsed for app binary download: 166 in millis#
#2026 08 05 09:03:59.258#Z#INFO#7564f0ed-90ac-11f1-8dd2-eeee0a922324.OPERATION#pool-21-thread-3#
[UploadAppStep] Size of app hr-app is 7,664,945 bytes#
#2026 08 05 09:03:59.258#Z#DEBUG#7564f0ed-90ac-11f1-8dd2-eeee0a922324.OPERATION#pool-21-thread-3#
[UploadAppStep] Asynchronously uploading binaries for application "hr-app"...#
#2026 08 05 09:03:59.289#Z#DEBUG#7564f0ed-90ac-11f1-8dd2-eeee0a922324.OPERATION#flowable-async-job-executor-thread-15633#
[UploadAppStep] Executing task "uploadAppTask" of process "8c92517d-90ac-11f1-8577-eeee0a96f13a"...#
#2026 08 05 09:03:59.292#Z#DEBUG#7564f0ed-90ac-11f1-8dd2-eeee0a922324.OPERATION#flowable-async-job-executor-thread-15633#
[UploadAppStep] Application upload timeout is default one: 3,600 seconds#
#2026 08 05 09:03:59.292#Z#DEBUG#7564f0ed-90ac-11f1-8dd2-eeee0a922324.OPERATION#flowable-async-job-executor-thread-15633#
[UploadAppStep] Checking upload status of application "hr-app-srv"...#
#2026 08 05 09:03:59.293#Z#DEBUG#7564f0ed-90ac-11f1-8dd2-eeee0a922324.OPERATION#flowable-async-job-executor-thread-15633#
[UploadAppStep] Getting package "d41a9465-5f89-4efa-824a-528df017bb28"...#
#2026 08 05 09:03:59.323#Z#DEBUG#7564f0ed-90ac-11f1-8dd2-eeee0a922324.OPERATION#flowable-async-job-executor-thread-15633#
Step "Upload App" finished#
#2026 08 05 09:03:59.497#Z#INFO#7564f0ed-90ac-11f1-8dd2-eeee0a922324.OPERATION#pool-21-thread-3#
[UploadAppStep] Started async upload of application "hr-app"#
#2026 08 05 09:03:59.502#Z#INFO#7564f0ed-90ac-11f1-8dd2-eeee0a922324.OPERATION#flowable-async-job-executor-thread-15630#
[UploadAppStep] Time elapsed for upload: 412 in millis#
#2026 08 05 09:03:59.502#Z#DEBUG#7564f0ed-90ac-11f1-8dd2-eeee0a922324.OPERATION#flowable-async-job-executor-thread-15630#
[UploadAppStep] Getting application "hr-app"...#
#2026 08 05 09:03:59.528#Z#DEBUG#7564f0ed-90ac-11f1-8dd2-eeee0a922324.OPERATION#flowable-async-job-executor-thread-15630#
[UploadAppStep] Getting environment of application "0fe9d8fa-1307-466c-994e-872d606b712d"...#
#2026 08 05 09:03:59.529#Z#DEBUG#7564f0ed-90ac-11f1-8dd2-eeee0a922324.OPERATION#App upload monitor: 68b66df3-f373-4648-bf15-27abc293cf13#
[UploadAppStep] Upload status: PROCESSING_UPLOAD#
#2026 08 05 09:03:59.562#Z#DEBUG#7564f0ed-90ac-11f1-8dd2-eeee0a922324.OPERATION#flowable-async-job-executor-thread-15630#
[UploadAppStep] Updating environment of application "hr-app"#
#2026 08 05 09:03:59.636#Z#DEBUG#7564f0ed-90ac-11f1-8dd2-eeee0a922324.OPERATION#flowable-async-job-executor-thread-15630#
Step "Upload App" finished#
#2026 08 05 09:04:00.523#Z#DEBUG#7564f0ed-90ac-11f1-8dd2-eeee0a922324.OPERATION#App upload monitor: d41a9465-5f89-4efa-824a-528df017bb28#
[UploadAppStep] Upload status: PROCESSING_UPLOAD#
#2026 08 05 09:04:04.554#Z#DEBUG#7564f0ed-90ac-11f1-8dd2-eeee0a922324.OPERATION#App upload monitor: 68b66df3-f373-4648-bf15-27abc293cf13#
[UploadAppStep] Upload status: PROCESSING_UPLOAD#
#2026 08 05 09:04:05.552#Z#DEBUG#7564f0ed-90ac-11f1-8dd2-eeee0a922324.OPERATION#App upload monitor: d41a9465-5f89-4efa-824a-528df017bb28#
[UploadAppStep] Upload status: PROCESSING_UPLOAD#
#2026 08 05 09:04:09.133#Z#DEBUG#7564f0ed-90ac-11f1-8dd2-eeee0a922324.OPERATION#flowable-async-job-executor-thread-15639#
[UploadAppStep] Executing task "uploadAppTask" of process "92983820-90ac-11f1-8577-eeee0a96f13a"...#
#2026 08 05 09:04:09.135#Z#DEBUG#7564f0ed-90ac-11f1-8dd2-eeee0a922324.OPERATION#flowable-async-job-executor-thread-15639#
[UploadAppStep] Application upload timeout is default one: 3,600 seconds#
#2026 08 05 09:04:09.135#Z#DEBUG#7564f0ed-90ac-11f1-8dd2-eeee0a922324.OPERATION#flowable-async-job-executor-thread-15639#
[UploadAppStep] Checking upload status of application "hr-app"...#
#2026 08 05 09:04:09.136#Z#DEBUG#7564f0ed-90ac-11f1-8dd2-eeee0a922324.OPERATION#flowable-async-job-executor-thread-15639#
[UploadAppStep] Getting package "68b66df3-f373-4648-bf15-27abc293cf13"...#
#2026 08 05 09:04:09.148#Z#DEBUG#7564f0ed-90ac-11f1-8dd2-eeee0a922324.OPERATION#flowable-async-job-executor-thread-15637#
[UploadAppStep] Executing task "uploadAppTask" of process "8c92517d-90ac-11f1-8577-eeee0a96f13a"...#
#2026 08 05 09:04:09.150#Z#DEBUG#7564f0ed-90ac-11f1-8dd2-eeee0a922324.OPERATION#flowable-async-job-executor-thread-15637#
[UploadAppStep] Application upload timeout is default one: 3,600 seconds#
#2026 08 05 09:04:09.151#Z#DEBUG#7564f0ed-90ac-11f1-8dd2-eeee0a922324.OPERATION#flowable-async-job-executor-thread-15637#
[UploadAppStep] Checking upload status of application "hr-app-srv"...#
#2026 08 05 09:04:09.151#Z#DEBUG#7564f0ed-90ac-11f1-8dd2-eeee0a922324.OPERATION#flowable-async-job-executor-thread-15637#
[UploadAppStep] Getting package "d41a9465-5f89-4efa-824a-528df017bb28"...#
#2026 08 05 09:04:09.165#Z#DEBUG#7564f0ed-90ac-11f1-8dd2-eeee0a922324.OPERATION#flowable-async-job-executor-thread-15639#
[UploadAppStep] Application "hr-app" uploaded#
#2026 08 05 09:04:09.167#Z#DEBUG#7564f0ed-90ac-11f1-8dd2-eeee0a922324.OPERATION#flowable-async-job-executor-thread-15639#
Step "Upload App" finished#
#2026 08 05 09:04:09.178#Z#DEBUG#7564f0ed-90ac-11f1-8dd2-eeee0a922324.OPERATION#flowable-async-job-executor-thread-15637#
[UploadAppStep] Application "hr-app-srv" uploaded#
#2026 08 05 09:04:09.180#Z#DEBUG#7564f0ed-90ac-11f1-8dd2-eeee0a922324.OPERATION#flowable-async-job-executor-thread-15637#
Step "Upload App" finished#
#2026 08 05 09:04:09.207#Z#DEBUG#7564f0ed-90ac-11f1-8dd2-eeee0a922324.OPERATION#flowable-async-job-executor-thread-15639#
[ScaleAppStep] Executing task "scaleAppTask" of process "92983820-90ac-11f1-8577-eeee0a96f13a"...#
#2026 08 05 09:04:09.210#Z#DEBUG#7564f0ed-90ac-11f1-8dd2-eeee0a922324.OPERATION#flowable-async-job-executor-thread-15639#
[ScaleAppStep] Scaling application "hr-app"...#
#2026 08 05 09:04:09.210#Z#DEBUG#7564f0ed-90ac-11f1-8dd2-eeee0a922324.OPERATION#flowable-async-job-executor-thread-15639#
[ScaleAppStep] Getting application guid "hr-app"...#
#2026 08 05 09:04:09.217#Z#DEBUG#7564f0ed-90ac-11f1-8dd2-eeee0a922324.OPERATION#flowable-async-job-executor-thread-15637#
[ScaleAppStep] Executing task "scaleAppTask" of process "8c92517d-90ac-11f1-8577-eeee0a96f13a"...#
#2026 08 05 09:04:09.220#Z#DEBUG#7564f0ed-90ac-11f1-8dd2-eeee0a922324.OPERATION#flowable-async-job-executor-thread-15637#
[ScaleAppStep] Scaling application "hr-app-srv"...#
#2026 08 05 09:04:09.220#Z#DEBUG#7564f0ed-90ac-11f1-8dd2-eeee0a922324.OPERATION#flowable-async-job-executor-thread-15637#
[ScaleAppStep] Getting application guid "hr-app-srv"...#
#2026 08 05 09:04:09.237#Z#DEBUG#7564f0ed-90ac-11f1-8dd2-eeee0a922324.OPERATION#flowable-async-job-executor-thread-15639#
[ScaleAppStep] Getting process for application "0fe9d8fa-1307-466c-994e-872d606b712d"...#
#2026 08 05 09:04:09.256#Z#DEBUG#7564f0ed-90ac-11f1-8dd2-eeee0a922324.OPERATION#flowable-async-job-executor-thread-15637#
[ScaleAppStep] Getting process for application "def38b6f-6a82-429a-a2e9-5780a6d478b6"...#
#2026 08 05 09:04:09.295#Z#DEBUG#7564f0ed-90ac-11f1-8dd2-eeee0a922324.OPERATION#flowable-async-job-executor-thread-15639#
[ScaleAppStep] Application "hr-app" scaled#
#2026 08 05 09:04:09.295#Z#DEBUG#7564f0ed-90ac-11f1-8dd2-eeee0a922324.OPERATION#flowable-async-job-executor-thread-15639#
Step "Scale App" finished#
#2026 08 05 09:04:09.296#Z#DEBUG#7564f0ed-90ac-11f1-8dd2-eeee0a922324.OPERATION#flowable-async-job-executor-thread-15637#
[ScaleAppStep] Application "hr-app-srv" scaled#
#2026 08 05 09:04:09.296#Z#DEBUG#7564f0ed-90ac-11f1-8dd2-eeee0a922324.OPERATION#flowable-async-job-executor-thread-15637#
Step "Scale App" finished#
#2026 08 05 09:04:09.133#Z#DEBUG#7564f0ed-90ac-11f1-8dd2-eeee0a922324.OPERATION#flowable-async-job-executor-thread-15636#
[StageAppStep] Executing task "stageAppTask" of process "831d0e18-90ac-11f1-8dd2-eeee0a922324"...#
#2026 08 05 09:04:09.135#Z#DEBUG#7564f0ed-90ac-11f1-8dd2-eeee0a922324.OPERATION#flowable-async-job-executor-thread-15636#
[StageAppStep] Application stage timeout is default one: 3,600 seconds#
#2026 08 05 09:04:09.136#Z#DEBUG#7564f0ed-90ac-11f1-8dd2-eeee0a922324.OPERATION#flowable-async-job-executor-thread-15636#
[StageAppStep] Checking status of application "hr-app-db-deployer"...#
#2026 08 05 09:04:09.136#Z#DEBUG#7564f0ed-90ac-11f1-8dd2-eeee0a922324.OPERATION#flowable-async-job-executor-thread-15636#
[StageAppStep] Getting build "04f0b48e-a2d6-4e47-80c9-31bd5a83ce92"...#
#2026 08 05 09:04:09.164#Z#DEBUG#7564f0ed-90ac-11f1-8dd2-eeee0a922324.OPERATION#flowable-async-job-executor-thread-15636#
[StageAppStep] Staging status of application "hr-app-db-deployer": STAGED#
#2026 08 05 09:04:09.167#Z#DEBUG#7564f0ed-90ac-11f1-8dd2-eeee0a922324.OPERATION#flowable-async-job-executor-thread-15636#
[StageAppStep] Getting application guid "hr-app-db-deployer"...#
#2026 08 05 09:04:09.287#Z#DEBUG#7564f0ed-90ac-11f1-8dd2-eeee0a922324.OPERATION#flowable-async-job-executor-thread-15636#
[StageAppStep] Getting build "04f0b48e-a2d6-4e47-80c9-31bd5a83ce92"...#
#2026 08 05 09:04:09.352#Z#DEBUG#7564f0ed-90ac-11f1-8dd2-eeee0a922324.OPERATION#flowable-async-job-executor-thread-15636#
[StageAppStep] Binding droplet "d25935bb-684b-4720-b176-21409ccf818c" to application "beeed844-a807-4ed8-a9f4-331b186edc29"...#
#2026 08 05 09:04:09.437#Z#INFO#7564f0ed-90ac-11f1-8dd2-eeee0a922324.OPERATION#flowable-async-job-executor-thread-15636#
[StageAppStep] Application "hr-app-db-deployer" staged#
#2026 08 05 09:04:09.444#Z#DEBUG#7564f0ed-90ac-11f1-8dd2-eeee0a922324.OPERATION#flowable-async-job-executor-thread-15636#
Step "Stage App" finished#
#2026 08 05 09:04:09.329#Z#DEBUG#7564f0ed-90ac-11f1-8dd2-eeee0a922324.OPERATION#flowable-async-job-executor-thread-15639#
[DetermineDesiredStateAchievingActionsStep] Executing task "determineDesiredStateAchievingActionsTask" of process "92983820-90ac-11f1-8577-eeee0a96f13a"...#
#2026 08 05 09:04:09.331#Z#DEBUG#7564f0ed-90ac-11f1-8dd2-eeee0a922324.OPERATION#flowable-async-job-executor-thread-15639#
[DetermineDesiredStateAchievingActionsStep] Getting application "hr-app"...#
#2026 08 05 09:04:09.334#Z#DEBUG#7564f0ed-90ac-11f1-8dd2-eeee0a922324.OPERATION#flowable-async-job-executor-thread-15637#
[DetermineDesiredStateAchievingActionsStep] Executing task "determineDesiredStateAchievingActionsTask" of process "8c92517d-90ac-11f1-8577-eeee0a96f13a"...#
#2026 08 05 09:04:09.336#Z#DEBUG#7564f0ed-90ac-11f1-8dd2-eeee0a922324.OPERATION#flowable-async-job-executor-thread-15637#
[DetermineDesiredStateAchievingActionsStep] Getting application "hr-app-srv"...#
#2026 08 05 09:04:09.371#Z#DEBUG#7564f0ed-90ac-11f1-8dd2-eeee0a922324.OPERATION#flowable-async-job-executor-thread-15639#
[DetermineDesiredStateAchievingActionsStep] Getting instances for application "hr-app"...#
#2026 08 05 09:04:09.372#Z#DEBUG#7564f0ed-90ac-11f1-8dd2-eeee0a922324.OPERATION#flowable-async-job-executor-thread-15637#
[DetermineDesiredStateAchievingActionsStep] Getting instances for application "hr-app-srv"...#
#2026 08 05 09:04:09.425#Z#DEBUG#7564f0ed-90ac-11f1-8dd2-eeee0a922324.OPERATION#flowable-async-job-executor-thread-15637#
[DetermineDesiredStateAchievingActionsStep] Getting environment of application "def38b6f-6a82-429a-a2e9-5780a6d478b6"...#
#2026 08 05 09:04:09.430#Z#DEBUG#7564f0ed-90ac-11f1-8dd2-eeee0a922324.OPERATION#flowable-async-job-executor-thread-15639#
[DetermineDesiredStateAchievingActionsStep] Getting environment of application "0fe9d8fa-1307-466c-994e-872d606b712d"...#
#2026 08 05 09:04:09.465#Z#DEBUG#7564f0ed-90ac-11f1-8dd2-eeee0a922324.OPERATION#flowable-async-job-executor-thread-15637#
[DetermineDesiredStateAchievingActionsStep] Current state of application hr-app-srv: STARTED#
#2026 08 05 09:04:09.465#Z#DEBUG#7564f0ed-90ac-11f1-8dd2-eeee0a922324.OPERATION#flowable-async-job-executor-thread-15637#
[DetermineDesiredStateAchievingActionsStep] Desired state of application hr-app-srv: STARTED#
#2026 08 05 09:04:09.465#Z#DEBUG#7564f0ed-90ac-11f1-8dd2-eeee0a922324.OPERATION#flowable-async-job-executor-thread-15637#
[DetermineDesiredStateAchievingActionsStep] Actions that should be executed on application hr-app-srv: [STOP, STAGE, START]#
#2026 08 05 09:04:09.465#Z#DEBUG#7564f0ed-90ac-11f1-8dd2-eeee0a922324.OPERATION#flowable-async-job-executor-thread-15637#
Step "Determine Desired State Achieving Actions" finished#
#2026 08 05 09:04:09.470#Z#DEBUG#7564f0ed-90ac-11f1-8dd2-eeee0a922324.OPERATION#flowable-async-job-executor-thread-15639#
[DetermineDesiredStateAchievingActionsStep] Current state of application hr-app: STARTED#
#2026 08 05 09:04:09.470#Z#DEBUG#7564f0ed-90ac-11f1-8dd2-eeee0a922324.OPERATION#flowable-async-job-executor-thread-15639#
[DetermineDesiredStateAchievingActionsStep] Desired state of application hr-app: STARTED#
#2026 08 05 09:04:09.470#Z#DEBUG#7564f0ed-90ac-11f1-8dd2-eeee0a922324.OPERATION#flowable-async-job-executor-thread-15639#
[DetermineDesiredStateAchievingActionsStep] Actions that should be executed on application hr-app: [STOP, STAGE, START]#
#2026 08 05 09:04:09.470#Z#DEBUG#7564f0ed-90ac-11f1-8dd2-eeee0a922324.OPERATION#flowable-async-job-executor-thread-15639#
Step "Determine Desired State Achieving Actions" finished#
#2026 08 05 09:04:09.523#Z#DEBUG#7564f0ed-90ac-11f1-8dd2-eeee0a922324.OPERATION#flowable-async-job-executor-thread-15636#
[PrepareToExecuteTasksStep] Executing task "prepareToExecuteTasksTask" of process "9e99cc3f-90ac-11f1-8577-eeee0a96f13a"...#
#2026 08 05 09:04:09.525#Z#DEBUG#7564f0ed-90ac-11f1-8dd2-eeee0a922324.OPERATION#flowable-async-job-executor-thread-15636#
Step "Prepare To Execute Tasks" finished#
#2026 08 05 09:04:09.586#Z#DEBUG#7564f0ed-90ac-11f1-8dd2-eeee0a922324.OPERATION#App upload monitor: 68b66df3-f373-4648-bf15-27abc293cf13#
[UploadAppStep] Upload status: READY#
#2026 08 05 09:04:09.504#Z#DEBUG#7564f0ed-90ac-11f1-8dd2-eeee0a922324.OPERATION#flowable-async-job-executor-thread-15637#
[StopAppStep] Executing task "stopAppTask" of process "8c92517d-90ac-11f1-8577-eeee0a96f13a"...#
#2026 08 05 09:04:09.507#Z#DEBUG#7564f0ed-90ac-11f1-8dd2-eeee0a922324.OPERATION#flowable-async-job-executor-thread-15639#
[StopAppStep] Executing task "stopAppTask" of process "92983820-90ac-11f1-8577-eeee0a96f13a"...#
#2026 08 05 09:04:09.508#Z#INFO#7564f0ed-90ac-11f1-8dd2-eeee0a922324.OPERATION#flowable-async-job-executor-thread-15637#
[StopAppStep] Stopping application "hr-app-srv"...#
#2026 08 05 09:04:09.510#Z#INFO#7564f0ed-90ac-11f1-8dd2-eeee0a922324.OPERATION#flowable-async-job-executor-thread-15639#
[StopAppStep] Stopping application "hr-app"...#
#2026 08 05 09:04:09.513#Z#DEBUG#7564f0ed-90ac-11f1-8dd2-eeee0a922324.OPERATION#flowable-async-job-executor-thread-15637#
[StopAppStep] Stopping application "hr-app-srv"...#
#2026 08 05 09:04:09.515#Z#DEBUG#7564f0ed-90ac-11f1-8dd2-eeee0a922324.OPERATION#flowable-async-job-executor-thread-15639#
[StopAppStep] Stopping application "hr-app"...#
#2026 08 05 09:04:09.644#Z#DEBUG#7564f0ed-90ac-11f1-8dd2-eeee0a922324.OPERATION#flowable-async-job-executor-thread-15637#
[StopAppStep] Application "hr-app-srv" stopped#
#2026 08 05 09:04:09.644#Z#DEBUG#7564f0ed-90ac-11f1-8dd2-eeee0a922324.OPERATION#flowable-async-job-executor-thread-15637#
[StopAppStep] Getting environment of application "def38b6f-6a82-429a-a2e9-5780a6d478b6"...#
#2026 08 05 09:04:09.673#Z#DEBUG#7564f0ed-90ac-11f1-8dd2-eeee0a922324.OPERATION#flowable-async-job-executor-thread-15639#
[StopAppStep] Application "hr-app" stopped#
#2026 08 05 09:04:09.674#Z#DEBUG#7564f0ed-90ac-11f1-8dd2-eeee0a922324.OPERATION#flowable-async-job-executor-thread-15639#
[StopAppStep] Getting environment of application "0fe9d8fa-1307-466c-994e-872d606b712d"...#
#2026 08 05 09:04:09.682#Z#DEBUG#7564f0ed-90ac-11f1-8dd2-eeee0a922324.OPERATION#flowable-async-job-executor-thread-15637#
Step "Stop App" finished#
#2026 08 05 09:04:09.724#Z#DEBUG#7564f0ed-90ac-11f1-8dd2-eeee0a922324.OPERATION#flowable-async-job-executor-thread-15639#
Step "Stop App" finished#
#2026 08 05 09:04:09.554#Z#DEBUG#7564f0ed-90ac-11f1-8dd2-eeee0a922324.OPERATION#flowable-async-job-executor-thread-15638#
[ExecuteTaskStep] Executing task "executeTaskTask" of process "9e99cc3f-90ac-11f1-8577-eeee0a96f13a"...#
#2026 08 05 09:04:09.556#Z#DEBUG#7564f0ed-90ac-11f1-8dd2-eeee0a922324.OPERATION#flowable-async-job-executor-thread-15638#
[ExecuteTaskStep] Application task execution timeout is default one: 43,200 seconds#
#2026 08 05 09:04:09.559#Z#INFO#7564f0ed-90ac-11f1-8dd2-eeee0a922324.OPERATION#flowable-async-job-executor-thread-15638#
[ExecuteTaskStep] Executing task "deploy" on application "hr-app-db-deployer"...#
#2026 08 05 09:04:09.564#Z#DEBUG#7564f0ed-90ac-11f1-8dd2-eeee0a922324.OPERATION#flowable-async-job-executor-thread-15638#
[ExecuteTaskStep] Running task on application "hr-app-db-deployer": {
  "name" : "deploy",
  "command" : "npm start",
  "limits" : {
    "memory" : 256
  }
}#
#2026 08 05 09:04:09.848#Z#DEBUG#7564f0ed-90ac-11f1-8dd2-eeee0a922324.OPERATION#flowable-async-job-executor-thread-15638#
Step "Execute Task" finished#
#2026 08 05 09:04:09.728#Z#DEBUG#7564f0ed-90ac-11f1-8dd2-eeee0a922324.OPERATION#flowable-async-job-executor-thread-15637#
[StageAppStep] Executing task "stageAppTask" of process "9eb877f8-90ac-11f1-8577-eeee0a96f13a"...#
#2026 08 05 09:04:09.730#Z#DEBUG#7564f0ed-90ac-11f1-8dd2-eeee0a922324.OPERATION#flowable-async-job-executor-thread-15637#
[StageAppStep] Application stage timeout is default one: 3,600 seconds#
#2026 08 05 09:04:09.732#Z#INFO#7564f0ed-90ac-11f1-8dd2-eeee0a922324.OPERATION#flowable-async-job-executor-thread-15637#
[StageAppStep] Staging application "hr-app-srv"...#
#2026 08 05 09:04:09.737#Z#DEBUG#7564f0ed-90ac-11f1-8dd2-eeee0a922324.OPERATION#flowable-async-job-executor-thread-15637#
[StageAppStep] Creating build for package "d41a9465-5f89-4efa-824a-528df017bb28"...#
#2026 08 05 09:04:09.768#Z#DEBUG#7564f0ed-90ac-11f1-8dd2-eeee0a922324.OPERATION#flowable-async-job-executor-thread-15639#
[StageAppStep] Executing task "stageAppTask" of process "9ebf07b5-90ac-11f1-8577-eeee0a96f13a"...#
#2026 08 05 09:04:09.770#Z#DEBUG#7564f0ed-90ac-11f1-8dd2-eeee0a922324.OPERATION#flowable-async-job-executor-thread-15639#
[StageAppStep] Application stage timeout is default one: 3,600 seconds#
#2026 08 05 09:04:09.772#Z#INFO#7564f0ed-90ac-11f1-8dd2-eeee0a922324.OPERATION#flowable-async-job-executor-thread-15639#
[StageAppStep] Staging application "hr-app"...#
#2026 08 05 09:04:09.777#Z#DEBUG#7564f0ed-90ac-11f1-8dd2-eeee0a922324.OPERATION#flowable-async-job-executor-thread-15639#
[StageAppStep] Creating build for package "68b66df3-f373-4648-bf15-27abc293cf13"...#
#2026 08 05 09:04:10.250#Z#DEBUG#7564f0ed-90ac-11f1-8dd2-eeee0a922324.OPERATION#flowable-async-job-executor-thread-15637#
Step "Stage App" finished#
#2026 08 05 09:04:10.575#Z#DEBUG#7564f0ed-90ac-11f1-8dd2-eeee0a922324.OPERATION#App upload monitor: d41a9465-5f89-4efa-824a-528df017bb28#
[UploadAppStep] Upload status: READY#
#2026 08 05 09:04:11.379#Z#DEBUG#7564f0ed-90ac-11f1-8dd2-eeee0a922324.OPERATION#flowable-async-job-executor-thread-15639#
Step "Stage App" finished#
#2026 08 05 09:04:19.460#Z#DEBUG#7564f0ed-90ac-11f1-8dd2-eeee0a922324.OPERATION#flowable-async-job-executor-thread-8760#
[ExecuteTaskStep] Executing task "executeTaskTask" of process "9e99cc3f-90ac-11f1-8577-eeee0a96f13a"...#
#2026 08 05 09:04:19.466#Z#DEBUG#7564f0ed-90ac-11f1-8dd2-eeee0a922324.OPERATION#flowable-async-job-executor-thread-8760#
[ExecuteTaskStep] Application task execution timeout is default one: 43,200 seconds#
#2026 08 05 09:04:19.474#Z#DEBUG#7564f0ed-90ac-11f1-8dd2-eeee0a922324.OPERATION#flowable-async-job-executor-thread-8760#
[ExecuteTaskStep] Getting task "b743e773-a8b3-46e4-8aa2-abaf49fdf8e1"...#
#2026 08 05 09:04:19.519#Z#DEBUG#7564f0ed-90ac-11f1-8dd2-eeee0a922324.OPERATION#flowable-async-job-executor-thread-8760#
[ExecuteTaskStep] Task execution status: running#
#2026 08 05 09:04:19.524#Z#DEBUG#7564f0ed-90ac-11f1-8dd2-eeee0a922324.OPERATION#flowable-async-job-executor-thread-8760#
[ExecuteTaskStep] Getting application guid "hr-app-db-deployer"...#
#2026 08 05 09:04:19.668#Z#DEBUG#7564f0ed-90ac-11f1-8dd2-eeee0a922324.OPERATION#flowable-async-job-executor-thread-8760#
Step "Execute Task" finished#
#2026 08 05 09:04:19.435#Z#DEBUG#7564f0ed-90ac-11f1-8dd2-eeee0a922324.OPERATION#flowable-async-job-executor-thread-8757#
[StageAppStep] Executing task "stageAppTask" of process "9ebf07b5-90ac-11f1-8577-eeee0a96f13a"...#
#2026 08 05 09:04:19.447#Z#DEBUG#7564f0ed-90ac-11f1-8dd2-eeee0a922324.OPERATION#flowable-async-job-executor-thread-8757#
[StageAppStep] Application stage timeout is default one: 3,600 seconds#
#2026 08 05 09:04:19.453#Z#DEBUG#7564f0ed-90ac-11f1-8dd2-eeee0a922324.OPERATION#flowable-async-job-executor-thread-8757#
[StageAppStep] Checking status of application "hr-app"...#
#2026 08 05 09:04:19.453#Z#DEBUG#7564f0ed-90ac-11f1-8dd2-eeee0a922324.OPERATION#flowable-async-job-executor-thread-8757#
[StageAppStep] Getting build "89d50d67-bc40-4638-b63d-036169379e75"...#
#2026 08 05 09:04:19.504#Z#DEBUG#7564f0ed-90ac-11f1-8dd2-eeee0a922324.OPERATION#flowable-async-job-executor-thread-8757#
[StageAppStep] Staging status of application "hr-app": PENDING#
#2026 08 05 09:04:19.512#Z#DEBUG#7564f0ed-90ac-11f1-8dd2-eeee0a922324.OPERATION#flowable-async-job-executor-thread-8757#
[StageAppStep] Getting application guid "hr-app"...#
#2026 08 05 09:04:19.672#Z#DEBUG#7564f0ed-90ac-11f1-8dd2-eeee0a922324.OPERATION#flowable-async-job-executor-thread-8757#
Step "Stage App" finished#
#2026 08 05 09:04:19.471#Z#DEBUG#7564f0ed-90ac-11f1-8dd2-eeee0a922324.OPERATION#flowable-async-job-executor-thread-15643#
[StageAppStep] Executing task "stageAppTask" of process "9eb877f8-90ac-11f1-8577-eeee0a96f13a"...#
#2026 08 05 09:04:19.481#Z#DEBUG#7564f0ed-90ac-11f1-8dd2-eeee0a922324.OPERATION#flowable-async-job-executor-thread-15643#
[StageAppStep] Application stage timeout is default one: 3,600 seconds#
#2026 08 05 09:04:19.490#Z#DEBUG#7564f0ed-90ac-11f1-8dd2-eeee0a922324.OPERATION#flowable-async-job-executor-thread-15643#
[StageAppStep] Checking status of application "hr-app-srv"...#
#2026 08 05 09:04:19.490#Z#DEBUG#7564f0ed-90ac-11f1-8dd2-eeee0a922324.OPERATION#flowable-async-job-executor-thread-15643#
[StageAppStep] Getting build "a25b1f40-e604-4974-8b67-2d011a1136b5"...#
#2026 08 05 09:04:19.543#Z#DEBUG#7564f0ed-90ac-11f1-8dd2-eeee0a922324.OPERATION#flowable-async-job-executor-thread-15643#
[StageAppStep] Staging status of application "hr-app-srv": PENDING#
#2026 08 05 09:04:19.556#Z#DEBUG#7564f0ed-90ac-11f1-8dd2-eeee0a922324.OPERATION#flowable-async-job-executor-thread-15643#
[StageAppStep] Getting application guid "hr-app-srv"...#
#2026 08 05 09:04:19.778#Z#DEBUG#7564f0ed-90ac-11f1-8dd2-eeee0a922324.OPERATION#flowable-async-job-executor-thread-15643#
Step "Stage App" finished#
#2026 08 05 09:04:29.461#Z#DEBUG#7564f0ed-90ac-11f1-8dd2-eeee0a922324.OPERATION#flowable-async-job-executor-thread-15647#
[StageAppStep] Executing task "stageAppTask" of process "9ebf07b5-90ac-11f1-8577-eeee0a96f13a"...#
#2026 08 05 09:04:29.478#Z#DEBUG#7564f0ed-90ac-11f1-8dd2-eeee0a922324.OPERATION#flowable-async-job-executor-thread-15647#
[StageAppStep] Application stage timeout is default one: 3,600 seconds#
#2026 08 05 09:04:29.485#Z#DEBUG#7564f0ed-90ac-11f1-8dd2-eeee0a922324.OPERATION#flowable-async-job-executor-thread-15647#
[StageAppStep] Checking status of application "hr-app"...#
#2026 08 05 09:04:29.486#Z#DEBUG#7564f0ed-90ac-11f1-8dd2-eeee0a922324.OPERATION#flowable-async-job-executor-thread-15647#
[StageAppStep] Getting build "89d50d67-bc40-4638-b63d-036169379e75"...#
#2026 08 05 09:04:29.496#Z#DEBUG#7564f0ed-90ac-11f1-8dd2-eeee0a922324.OPERATION#flowable-async-job-executor-thread-15649#
[StageAppStep] Executing task "stageAppTask" of process "9eb877f8-90ac-11f1-8577-eeee0a96f13a"...#
#2026 08 05 09:04:29.508#Z#DEBUG#7564f0ed-90ac-11f1-8dd2-eeee0a922324.OPERATION#flowable-async-job-executor-thread-15649#
[StageAppStep] Application stage timeout is default one: 3,600 seconds#
#2026 08 05 09:04:29.512#Z#DEBUG#7564f0ed-90ac-11f1-8dd2-eeee0a922324.OPERATION#flowable-async-job-executor-thread-15649#
[StageAppStep] Checking status of application "hr-app-srv"...#
#2026 08 05 09:04:29.512#Z#DEBUG#7564f0ed-90ac-11f1-8dd2-eeee0a922324.OPERATION#flowable-async-job-executor-thread-15649#
[StageAppStep] Getting build "a25b1f40-e604-4974-8b67-2d011a1136b5"...#
#2026 08 05 09:04:29.531#Z#DEBUG#7564f0ed-90ac-11f1-8dd2-eeee0a922324.OPERATION#flowable-async-job-executor-thread-15647#
[StageAppStep] Staging status of application "hr-app": PENDING#
#2026 08 05 09:04:29.539#Z#DEBUG#7564f0ed-90ac-11f1-8dd2-eeee0a922324.OPERATION#flowable-async-job-executor-thread-15647#
[StageAppStep] Getting application guid "hr-app"...#
#2026 08 05 09:04:29.570#Z#DEBUG#7564f0ed-90ac-11f1-8dd2-eeee0a922324.OPERATION#flowable-async-job-executor-thread-15649#
[StageAppStep] Staging status of application "hr-app-srv": PENDING#
#2026 08 05 09:04:29.578#Z#DEBUG#7564f0ed-90ac-11f1-8dd2-eeee0a922324.OPERATION#flowable-async-job-executor-thread-15649#
[StageAppStep] Getting application guid "hr-app-srv"...#
#2026 08 05 09:04:29.686#Z#DEBUG#7564f0ed-90ac-11f1-8dd2-eeee0a922324.OPERATION#flowable-async-job-executor-thread-15647#
Step "Stage App" finished#
#2026 08 05 09:04:29.500#Z#DEBUG#7564f0ed-90ac-11f1-8dd2-eeee0a922324.OPERATION#flowable-async-job-executor-thread-15648#
[ExecuteTaskStep] Executing task "executeTaskTask" of process "9e99cc3f-90ac-11f1-8577-eeee0a96f13a"...#
#2026 08 05 09:04:29.511#Z#DEBUG#7564f0ed-90ac-11f1-8dd2-eeee0a922324.OPERATION#flowable-async-job-executor-thread-15648#
[ExecuteTaskStep] Application task execution timeout is default one: 43,200 seconds#
#2026 08 05 09:04:29.522#Z#DEBUG#7564f0ed-90ac-11f1-8dd2-eeee0a922324.OPERATION#flowable-async-job-executor-thread-15648#
[ExecuteTaskStep] Getting task "b743e773-a8b3-46e4-8aa2-abaf49fdf8e1"...#
#2026 08 05 09:04:29.578#Z#DEBUG#7564f0ed-90ac-11f1-8dd2-eeee0a922324.OPERATION#flowable-async-job-executor-thread-15648#
[ExecuteTaskStep] Task execution status: succeeded#
#2026 08 05 09:04:29.583#Z#DEBUG#7564f0ed-90ac-11f1-8dd2-eeee0a922324.OPERATION#flowable-async-job-executor-thread-15648#
[ExecuteTaskStep] Getting application guid "hr-app-db-deployer"...#
#2026 08 05 09:04:29.788#Z#DEBUG#7564f0ed-90ac-11f1-8dd2-eeee0a922324.OPERATION#flowable-async-job-executor-thread-15648#
Step "Execute Task" finished#
#2026 08 05 09:04:29.787#Z#DEBUG#7564f0ed-90ac-11f1-8dd2-eeee0a922324.OPERATION#flowable-async-job-executor-thread-15649#
Step "Stage App" finished#
#2026 08 05 09:04:29.923#Z#DEBUG#7564f0ed-90ac-11f1-8dd2-eeee0a922324.OPERATION#flowable-async-job-executor-thread-15648#
[IncrementIndexStep] Executing task "incrementTaskIndexTask" of process "9e99cc3f-90ac-11f1-8577-eeee0a96f13a"...#
#2026 08 05 09:04:29.932#Z#DEBUG#7564f0ed-90ac-11f1-8dd2-eeee0a922324.OPERATION#flowable-async-job-executor-thread-15648#
Step "Increment Task Index" finished#
#2026 08 05 09:04:30.382#Z#DEBUG#7564f0ed-90ac-11f1-8dd2-eeee0a922324.OPERATION#flowable-async-job-executor-thread-15648#
[PublishConfigurationEntriesStep] Executing task "publishProvidedDependenciesTask" of process "831d0e18-90ac-11f1-8dd2-eeee0a922324"...#
#2026 08 05 09:04:30.386#Z#DEBUG#7564f0ed-90ac-11f1-8dd2-eeee0a922324.OPERATION#flowable-async-job-executor-thread-15648#
[PublishConfigurationEntriesStep] Publishing public provided dependencies for application "hr-app-db-deployer"...#
#2026 08 05 09:04:30.391#Z#DEBUG#7564f0ed-90ac-11f1-8dd2-eeee0a922324.OPERATION#flowable-async-job-executor-thread-15648#
[PublishConfigurationEntriesStep] No public provided dependencies for publishing#
#2026 08 05 09:04:30.391#Z#DEBUG#7564f0ed-90ac-11f1-8dd2-eeee0a922324.OPERATION#flowable-async-job-executor-thread-15648#
Step "Publish Provided Dependencies" finished#
#2026 08 05 09:04:30.512#Z#DEBUG#7564f0ed-90ac-11f1-8dd2-eeee0a922324.OPERATION#flowable-async-job-executor-thread-15648#
[CreateOrUpdateServiceBrokerStep] Executing task "createOrUpdateServiceBrokerTask" of process "831d0e18-90ac-11f1-8dd2-eeee0a922324"...#
#2026 08 05 09:04:30.525#Z#DEBUG#7564f0ed-90ac-11f1-8dd2-eeee0a922324.OPERATION#flowable-async-job-executor-thread-15648#
[CreateOrUpdateServiceBrokerStep] Creating service brokers...#
#2026 08 05 09:04:30.532#Z#DEBUG#7564f0ed-90ac-11f1-8dd2-eeee0a922324.OPERATION#flowable-async-job-executor-thread-15648#
Step "Create Or Update Service Broker " finished#
#2026 08 05 09:04:39.922#Z#DEBUG#7564f0ed-90ac-11f1-8dd2-eeee0a922324.OPERATION#flowable-async-job-executor-thread-15650#
[StageAppStep] Executing task "stageAppTask" of process "9ebf07b5-90ac-11f1-8577-eeee0a96f13a"...#
#2026 08 05 09:04:39.956#Z#DEBUG#7564f0ed-90ac-11f1-8dd2-eeee0a922324.OPERATION#flowable-async-job-executor-thread-15650#
[StageAppStep] Application stage timeout is default one: 3,600 seconds#
#2026 08 05 09:04:39.973#Z#DEBUG#7564f0ed-90ac-11f1-8dd2-eeee0a922324.OPERATION#flowable-async-job-executor-thread-15650#
[StageAppStep] Checking status of application "hr-app"...#
#2026 08 05 09:04:39.973#Z#DEBUG#7564f0ed-90ac-11f1-8dd2-eeee0a922324.OPERATION#flowable-async-job-executor-thread-15650#
[StageAppStep] Getting build "89d50d67-bc40-4638-b63d-036169379e75"...#
#2026 08 05 09:04:40.095#Z#DEBUG#7564f0ed-90ac-11f1-8dd2-eeee0a922324.OPERATION#flowable-async-job-executor-thread-15650#
[StageAppStep] Staging status of application "hr-app": PENDING#
#2026 08 05 09:04:40.115#Z#DEBUG#7564f0ed-90ac-11f1-8dd2-eeee0a922324.OPERATION#flowable-async-job-executor-thread-15650#
[StageAppStep] Getting application guid "hr-app"...#
#2026 08 05 09:04:40.710#Z#DEBUG#7564f0ed-90ac-11f1-8dd2-eeee0a922324.OPERATION#flowable-async-job-executor-thread-15650#
Step "Stage App" finished#
#2026 08 05 09:04:40.846#Z#DEBUG#7564f0ed-90ac-11f1-8dd2-eeee0a922324.OPERATION#flowable-async-job-executor-thread-8763#
[StageAppStep] Executing task "stageAppTask" of process "9eb877f8-90ac-11f1-8577-eeee0a96f13a"...#
#2026 08 05 09:04:40.870#Z#DEBUG#7564f0ed-90ac-11f1-8dd2-eeee0a922324.OPERATION#flowable-async-job-executor-thread-8763#
[StageAppStep] Application stage timeout is default one: 3,600 seconds#
#2026 08 05 09:04:40.879#Z#DEBUG#7564f0ed-90ac-11f1-8dd2-eeee0a922324.OPERATION#flowable-async-job-executor-thread-8763#
[StageAppStep] Checking status of application "hr-app-srv"...#
#2026 08 05 09:04:40.879#Z#DEBUG#7564f0ed-90ac-11f1-8dd2-eeee0a922324.OPERATION#flowable-async-job-executor-thread-8763#
[StageAppStep] Getting build "a25b1f40-e604-4974-8b67-2d011a1136b5"...#
#2026 08 05 09:04:40.941#Z#DEBUG#7564f0ed-90ac-11f1-8dd2-eeee0a922324.OPERATION#flowable-async-job-executor-thread-8763#
[StageAppStep] Staging status of application "hr-app-srv": PENDING#
#2026 08 05 09:04:40.948#Z#DEBUG#7564f0ed-90ac-11f1-8dd2-eeee0a922324.OPERATION#flowable-async-job-executor-thread-8763#
[StageAppStep] Getting application guid "hr-app-srv"...#
#2026 08 05 09:04:41.044#Z#DEBUG#7564f0ed-90ac-11f1-8dd2-eeee0a922324.OPERATION#flowable-async-job-executor-thread-8763#
Step "Stage App" finished#
#2026 08 05 09:04:49.762#Z#DEBUG#7564f0ed-90ac-11f1-8dd2-eeee0a922324.OPERATION#flowable-async-job-executor-thread-9183#
[StageAppStep] Executing task "stageAppTask" of process "9ebf07b5-90ac-11f1-8577-eeee0a96f13a"...#
#2026 08 05 09:04:49.773#Z#DEBUG#7564f0ed-90ac-11f1-8dd2-eeee0a922324.OPERATION#flowable-async-job-executor-thread-9184#
[StageAppStep] Executing task "stageAppTask" of process "9eb877f8-90ac-11f1-8577-eeee0a96f13a"...#
#2026 08 05 09:04:49.795#Z#DEBUG#7564f0ed-90ac-11f1-8dd2-eeee0a922324.OPERATION#flowable-async-job-executor-thread-9183#
[StageAppStep] Application stage timeout is default one: 3,600 seconds#
#2026 08 05 09:04:49.805#Z#DEBUG#7564f0ed-90ac-11f1-8dd2-eeee0a922324.OPERATION#flowable-async-job-executor-thread-9184#
[StageAppStep] Application stage timeout is default one: 3,600 seconds#
#2026 08 05 09:04:49.812#Z#DEBUG#7564f0ed-90ac-11f1-8dd2-eeee0a922324.OPERATION#flowable-async-job-executor-thread-9183#
[StageAppStep] Checking status of application "hr-app"...#
#2026 08 05 09:04:49.812#Z#DEBUG#7564f0ed-90ac-11f1-8dd2-eeee0a922324.OPERATION#flowable-async-job-executor-thread-9183#
[StageAppStep] Getting build "89d50d67-bc40-4638-b63d-036169379e75"...#
#2026 08 05 09:04:49.821#Z#DEBUG#7564f0ed-90ac-11f1-8dd2-eeee0a922324.OPERATION#flowable-async-job-executor-thread-9184#
[StageAppStep] Checking status of application "hr-app-srv"...#
#2026 08 05 09:04:49.821#Z#DEBUG#7564f0ed-90ac-11f1-8dd2-eeee0a922324.OPERATION#flowable-async-job-executor-thread-9184#
[StageAppStep] Getting build "a25b1f40-e604-4974-8b67-2d011a1136b5"...#
#2026 08 05 09:04:49.882#Z#DEBUG#7564f0ed-90ac-11f1-8dd2-eeee0a922324.OPERATION#flowable-async-job-executor-thread-9183#
[StageAppStep] Staging status of application "hr-app": PENDING#
#2026 08 05 09:04:49.883#Z#DEBUG#7564f0ed-90ac-11f1-8dd2-eeee0a922324.OPERATION#flowable-async-job-executor-thread-9184#
[StageAppStep] Staging status of application "hr-app-srv": PENDING#
#2026 08 05 09:04:49.890#Z#DEBUG#7564f0ed-90ac-11f1-8dd2-eeee0a922324.OPERATION#flowable-async-job-executor-thread-9184#
[StageAppStep] Getting application guid "hr-app-srv"...#
#2026 08 05 09:04:49.890#Z#DEBUG#7564f0ed-90ac-11f1-8dd2-eeee0a922324.OPERATION#flowable-async-job-executor-thread-9183#
[StageAppStep] Getting application guid "hr-app"...#
#2026 08 05 09:04:50.106#Z#DEBUG#7564f0ed-90ac-11f1-8dd2-eeee0a922324.OPERATION#flowable-async-job-executor-thread-9184#
Step "Stage App" finished#
#2026 08 05 09:04:50.123#Z#DEBUG#7564f0ed-90ac-11f1-8dd2-eeee0a922324.OPERATION#flowable-async-job-executor-thread-9183#
Step "Stage App" finished#
#2026 08 05 09:05:00.124#Z#DEBUG#7564f0ed-90ac-11f1-8dd2-eeee0a922324.OPERATION#flowable-async-job-executor-thread-9190#
[StageAppStep] Executing task "stageAppTask" of process "9eb877f8-90ac-11f1-8577-eeee0a96f13a"...#
#2026 08 05 09:05:00.150#Z#DEBUG#7564f0ed-90ac-11f1-8dd2-eeee0a922324.OPERATION#flowable-async-job-executor-thread-9190#
[StageAppStep] Application stage timeout is default one: 3,600 seconds#
#2026 08 05 09:05:00.160#Z#DEBUG#7564f0ed-90ac-11f1-8dd2-eeee0a922324.OPERATION#flowable-async-job-executor-thread-9190#
[StageAppStep] Checking status of application "hr-app-srv"...#
#2026 08 05 09:05:00.160#Z#DEBUG#7564f0ed-90ac-11f1-8dd2-eeee0a922324.OPERATION#flowable-async-job-executor-thread-9190#
[StageAppStep] Getting build "a25b1f40-e604-4974-8b67-2d011a1136b5"...#
#2026 08 05 09:05:00.167#Z#DEBUG#7564f0ed-90ac-11f1-8dd2-eeee0a922324.OPERATION#flowable-async-job-executor-thread-9182#
[StageAppStep] Executing task "stageAppTask" of process "9ebf07b5-90ac-11f1-8577-eeee0a96f13a"...#
#2026 08 05 09:05:00.192#Z#DEBUG#7564f0ed-90ac-11f1-8dd2-eeee0a922324.OPERATION#flowable-async-job-executor-thread-9182#
[StageAppStep] Application stage timeout is default one: 3,600 seconds#
#2026 08 05 09:05:00.209#Z#DEBUG#7564f0ed-90ac-11f1-8dd2-eeee0a922324.OPERATION#flowable-async-job-executor-thread-9182#
[StageAppStep] Checking status of application "hr-app"...#
#2026 08 05 09:05:00.209#Z#DEBUG#7564f0ed-90ac-11f1-8dd2-eeee0a922324.OPERATION#flowable-async-job-executor-thread-9182#
[StageAppStep] Getting build "89d50d67-bc40-4638-b63d-036169379e75"...#
#2026 08 05 09:05:00.249#Z#DEBUG#7564f0ed-90ac-11f1-8dd2-eeee0a922324.OPERATION#flowable-async-job-executor-thread-9190#
[StageAppStep] Staging status of application "hr-app-srv": STAGED#
#2026 08 05 09:05:00.267#Z#DEBUG#7564f0ed-90ac-11f1-8dd2-eeee0a922324.OPERATION#flowable-async-job-executor-thread-9190#
[StageAppStep] Getting application guid "hr-app-srv"...#
#2026 08 05 09:05:00.297#Z#DEBUG#7564f0ed-90ac-11f1-8dd2-eeee0a922324.OPERATION#flowable-async-job-executor-thread-9182#
[StageAppStep] Staging status of application "hr-app": PENDING#
#2026 08 05 09:05:00.314#Z#DEBUG#7564f0ed-90ac-11f1-8dd2-eeee0a922324.OPERATION#flowable-async-job-executor-thread-9182#
[StageAppStep] Getting application guid "hr-app"...#
#2026 08 05 09:05:00.887#Z#DEBUG#7564f0ed-90ac-11f1-8dd2-eeee0a922324.OPERATION#flowable-async-job-executor-thread-9190#
[StageAppStep] Getting build "a25b1f40-e604-4974-8b67-2d011a1136b5"...#
#2026 08 05 09:05:01.393#Z#DEBUG#7564f0ed-90ac-11f1-8dd2-eeee0a922324.OPERATION#flowable-async-job-executor-thread-9182#
Step "Stage App" finished#
#2026 08 05 09:05:01.614#Z#DEBUG#7564f0ed-90ac-11f1-8dd2-eeee0a922324.OPERATION#flowable-async-job-executor-thread-9190#
[StageAppStep] Binding droplet "4a6b060a-fc84-44df-a74c-a1ab5033d91d" to application "def38b6f-6a82-429a-a2e9-5780a6d478b6"...#
#2026 08 05 09:05:02.216#Z#INFO#7564f0ed-90ac-11f1-8dd2-eeee0a922324.OPERATION#flowable-async-job-executor-thread-9190#
[StageAppStep] Application "hr-app-srv" staged#
#2026 08 05 09:05:02.774#Z#DEBUG#7564f0ed-90ac-11f1-8dd2-eeee0a922324.OPERATION#flowable-async-job-executor-thread-9190#
Step "Stage App" finished#
#2026 08 05 09:05:10.298#Z#DEBUG#7564f0ed-90ac-11f1-8dd2-eeee0a922324.OPERATION#flowable-async-job-executor-thread-8769#
[StageAppStep] Executing task "stageAppTask" of process "9ebf07b5-90ac-11f1-8577-eeee0a96f13a"...#
#2026 08 05 09:05:10.304#Z#DEBUG#7564f0ed-90ac-11f1-8dd2-eeee0a922324.OPERATION#flowable-async-job-executor-thread-8769#
[StageAppStep] Application stage timeout is default one: 3,600 seconds#
#2026 08 05 09:05:10.311#Z#DEBUG#7564f0ed-90ac-11f1-8dd2-eeee0a922324.OPERATION#flowable-async-job-executor-thread-8769#
[StageAppStep] Checking status of application "hr-app"...#
#2026 08 05 09:05:10.311#Z#DEBUG#7564f0ed-90ac-11f1-8dd2-eeee0a922324.OPERATION#flowable-async-job-executor-thread-8769#
[StageAppStep] Getting build "89d50d67-bc40-4638-b63d-036169379e75"...#
#2026 08 05 09:05:10.394#Z#DEBUG#7564f0ed-90ac-11f1-8dd2-eeee0a922324.OPERATION#flowable-async-job-executor-thread-8769#
[StageAppStep] Staging status of application "hr-app": STAGED#
#2026 08 05 09:05:10.411#Z#DEBUG#7564f0ed-90ac-11f1-8dd2-eeee0a922324.OPERATION#flowable-async-job-executor-thread-8769#
[StageAppStep] Getting application guid "hr-app"...#
#2026 08 05 09:05:10.653#Z#DEBUG#7564f0ed-90ac-11f1-8dd2-eeee0a922324.OPERATION#flowable-async-job-executor-thread-8769#
[StageAppStep] Getting build "89d50d67-bc40-4638-b63d-036169379e75"...#
#2026 08 05 09:05:10.740#Z#DEBUG#7564f0ed-90ac-11f1-8dd2-eeee0a922324.OPERATION#flowable-async-job-executor-thread-8769#
[StageAppStep] Binding droplet "9c422d82-c9e2-4734-b51b-bc360fe572f4" to application "0fe9d8fa-1307-466c-994e-872d606b712d"...#
#2026 08 05 09:05:10.859#Z#INFO#7564f0ed-90ac-11f1-8dd2-eeee0a922324.OPERATION#flowable-async-job-executor-thread-8769#
[StageAppStep] Application "hr-app" staged#
#2026 08 05 09:05:10.922#Z#DEBUG#7564f0ed-90ac-11f1-8dd2-eeee0a922324.OPERATION#flowable-async-job-executor-thread-8769#
Step "Stage App" finished#
#2026 08 05 09:05:11.442#Z#DEBUG#7564f0ed-90ac-11f1-8dd2-eeee0a922324.OPERATION#flowable-async-job-executor-thread-8769#
[RestartAppStep] Executing task "startAppTask" of process "9ebf07b5-90ac-11f1-8577-eeee0a96f13a"...#
#2026 08 05 09:05:11.505#Z#DEBUG#7564f0ed-90ac-11f1-8dd2-eeee0a922324.OPERATION#flowable-async-job-executor-thread-8769#
[RestartAppStep] Application start timeout is default one: 3,600 seconds#
#2026 08 05 09:05:11.662#Z#DEBUG#7564f0ed-90ac-11f1-8dd2-eeee0a922324.OPERATION#flowable-async-job-executor-thread-8769#
[RestartAppStep] Getting application "hr-app"...#
#2026 08 05 09:05:11.754#Z#INFO#7564f0ed-90ac-11f1-8dd2-eeee0a922324.OPERATION#flowable-async-job-executor-thread-8769#
[RestartAppStep] Starting application "hr-app"...#
#2026 08 05 09:05:11.805#Z#DEBUG#7564f0ed-90ac-11f1-8dd2-eeee0a922324.OPERATION#flowable-async-job-executor-thread-8769#
[RestartAppStep] Starting application "hr-app"...#
#2026 08 05 09:05:12.072#Z#DEBUG#7564f0ed-90ac-11f1-8dd2-eeee0a922324.OPERATION#flowable-async-job-executor-thread-8769#
Step "Start App" finished#
#2026 08 05 09:05:08.528#Z#DEBUG#7564f0ed-90ac-11f1-8dd2-eeee0a922324.OPERATION#flowable-async-job-executor-thread-9190#
[RestartAppStep] Executing task "startAppTask" of process "9eb877f8-90ac-11f1-8577-eeee0a96f13a"...#
#2026 08 05 09:05:09.507#Z#DEBUG#7564f0ed-90ac-11f1-8dd2-eeee0a922324.OPERATION#flowable-async-job-executor-thread-9190#
[RestartAppStep] Application start timeout is default one: 3,600 seconds#
#2026 08 05 09:05:11.565#Z#DEBUG#7564f0ed-90ac-11f1-8dd2-eeee0a922324.OPERATION#flowable-async-job-executor-thread-9190#
[RestartAppStep] Getting application "hr-app-srv"...#
#2026 08 05 09:05:11.922#Z#INFO#7564f0ed-90ac-11f1-8dd2-eeee0a922324.OPERATION#flowable-async-job-executor-thread-9190#
[RestartAppStep] Starting application "hr-app-srv"...#
#2026 08 05 09:05:12.303#Z#DEBUG#7564f0ed-90ac-11f1-8dd2-eeee0a922324.OPERATION#flowable-async-job-executor-thread-9190#
[RestartAppStep] Starting application "hr-app-srv"...#
#2026 08 05 09:05:13.276#Z#DEBUG#7564f0ed-90ac-11f1-8dd2-eeee0a922324.OPERATION#flowable-async-job-executor-thread-9190#
Step "Start App" finished#
#2026 08 05 09:05:20.621#Z#DEBUG#7564f0ed-90ac-11f1-8dd2-eeee0a922324.OPERATION#flowable-async-job-executor-thread-8773#
[RestartAppStep] Executing task "startAppTask" of process "c4cdeb9d-90ac-11f1-8dd2-eeee0a922324"...#
#2026 08 05 09:05:20.682#Z#DEBUG#7564f0ed-90ac-11f1-8dd2-eeee0a922324.OPERATION#flowable-async-job-executor-thread-8773#
[RestartAppStep] Application start timeout is default one: 3,600 seconds#
#2026 08 05 09:05:20.700#Z#DEBUG#7564f0ed-90ac-11f1-8dd2-eeee0a922324.OPERATION#flowable-async-job-executor-thread-8773#
[RestartAppStep] Checking status of application "hr-app-srv"...#
#2026 08 05 09:05:20.701#Z#DEBUG#7564f0ed-90ac-11f1-8dd2-eeee0a922324.OPERATION#flowable-async-job-executor-thread-8773#
[RestartAppStep] Getting application "hr-app-srv"...#
#2026 08 05 09:05:20.792#Z#DEBUG#7564f0ed-90ac-11f1-8dd2-eeee0a922324.OPERATION#flowable-async-job-executor-thread-8773#
[RestartAppStep] Getting instances for application "hr-app-srv"...#
#2026 08 05 09:05:20.883#Z#DEBUG#7564f0ed-90ac-11f1-8dd2-eeee0a922324.OPERATION#flowable-async-job-executor-thread-8773#
[RestartAppStep] Application "hr-app-srv": 0 of 1 instances running (1 starting)#
#2026 08 05 09:05:21.060#Z#DEBUG#7564f0ed-90ac-11f1-8dd2-eeee0a922324.OPERATION#flowable-async-job-executor-thread-8773#
Step "Start App" finished#
#2026 08 05 09:05:21.651#Z#DEBUG#7564f0ed-90ac-11f1-8dd2-eeee0a922324.OPERATION#flowable-async-job-executor-thread-8762#
[RestartAppStep] Executing task "startAppTask" of process "c3ef23b0-90ac-11f1-83f0-eeee0a98f14a"...#
#2026 08 05 09:05:21.690#Z#DEBUG#7564f0ed-90ac-11f1-8dd2-eeee0a922324.OPERATION#flowable-async-job-executor-thread-8762#
[RestartAppStep] Application start timeout is default one: 3,600 seconds#
#2026 08 05 09:05:21.704#Z#DEBUG#7564f0ed-90ac-11f1-8dd2-eeee0a922324.OPERATION#flowable-async-job-executor-thread-8762#
[RestartAppStep] Checking status of application "hr-app"...#
#2026 08 05 09:05:21.704#Z#DEBUG#7564f0ed-90ac-11f1-8dd2-eeee0a922324.OPERATION#flowable-async-job-executor-thread-8762#
[RestartAppStep] Getting application "hr-app"...#
#2026 08 05 09:05:21.761#Z#DEBUG#7564f0ed-90ac-11f1-8dd2-eeee0a922324.OPERATION#flowable-async-job-executor-thread-8762#
[RestartAppStep] Getting instances for application "hr-app"...#
#2026 08 05 09:05:21.854#Z#DEBUG#7564f0ed-90ac-11f1-8dd2-eeee0a922324.OPERATION#flowable-async-job-executor-thread-8762#
[RestartAppStep] Application "hr-app": 0 of 1 instances running (1 starting)#
#2026 08 05 09:05:21.992#Z#DEBUG#7564f0ed-90ac-11f1-8dd2-eeee0a922324.OPERATION#flowable-async-job-executor-thread-8762#
Step "Start App" finished#
#2026 08 05 09:05:32.241#Z#DEBUG#7564f0ed-90ac-11f1-8dd2-eeee0a922324.OPERATION#flowable-async-job-executor-thread-15665#
[RestartAppStep] Executing task "startAppTask" of process "c94a2485-90ac-11f1-83f0-eeee0a98f14a"...#
#2026 08 05 09:05:32.275#Z#DEBUG#7564f0ed-90ac-11f1-8dd2-eeee0a922324.OPERATION#flowable-async-job-executor-thread-15665#
[RestartAppStep] Application start timeout is default one: 3,600 seconds#
#2026 08 05 09:05:32.287#Z#DEBUG#7564f0ed-90ac-11f1-8dd2-eeee0a922324.OPERATION#flowable-async-job-executor-thread-15665#
[RestartAppStep] Checking status of application "hr-app-srv"...#
#2026 08 05 09:05:32.299#Z#DEBUG#7564f0ed-90ac-11f1-8dd2-eeee0a922324.OPERATION#flowable-async-job-executor-thread-15665#
[RestartAppStep] Getting instances for application "hr-app-srv"...#
#2026 08 05 09:05:32.372#Z#DEBUG#7564f0ed-90ac-11f1-8dd2-eeee0a922324.OPERATION#flowable-async-job-executor-thread-15665#
[RestartAppStep] Application "hr-app-srv": 1 of 1 instances running (1 running)#
#2026 08 05 09:05:32.485#Z#DEBUG#7564f0ed-90ac-11f1-8dd2-eeee0a922324.OPERATION#flowable-async-job-executor-thread-15665#
[RestartAppStep] Getting routes for application "def38b6f-6a82-429a-a2e9-5780a6d478b6"...#
#2026 08 05 09:05:32.546#Z#INFO#7564f0ed-90ac-11f1-8dd2-eeee0a922324.OPERATION#flowable-async-job-executor-thread-15665#
[RestartAppStep] Application "hr-app-srv" started and available at "268a3369trial-dev-hr-app-srv.cfapps.us10-001.hana.ondemand.com"#
#2026 08 05 09:05:32.562#Z#DEBUG#7564f0ed-90ac-11f1-8dd2-eeee0a922324.OPERATION#flowable-async-job-executor-thread-15665#
Step "Start App" finished#
#2026 08 05 09:05:32.681#Z#DEBUG#7564f0ed-90ac-11f1-8dd2-eeee0a922324.OPERATION#flowable-async-job-executor-thread-15662#
[RestartAppStep] Executing task "startAppTask" of process "c9d8d03a-90ac-11f1-83f0-eeee0a98f14a"...#
#2026 08 05 09:05:32.686#Z#DEBUG#7564f0ed-90ac-11f1-8dd2-eeee0a922324.OPERATION#flowable-async-job-executor-thread-15662#
[RestartAppStep] Application start timeout is default one: 3,600 seconds#
#2026 08 05 09:05:32.687#Z#DEBUG#7564f0ed-90ac-11f1-8dd2-eeee0a922324.OPERATION#flowable-async-job-executor-thread-15662#
[RestartAppStep] Checking status of application "hr-app"...#
#2026 08 05 09:05:32.689#Z#DEBUG#7564f0ed-90ac-11f1-8dd2-eeee0a922324.OPERATION#flowable-async-job-executor-thread-15662#
[RestartAppStep] Getting instances for application "hr-app"...#
#2026 08 05 09:05:32.752#Z#DEBUG#7564f0ed-90ac-11f1-8dd2-eeee0a922324.OPERATION#flowable-async-job-executor-thread-15662#
[RestartAppStep] Application "hr-app": 1 of 1 instances running (1 running)#
#2026 08 05 09:05:32.830#Z#DEBUG#7564f0ed-90ac-11f1-8dd2-eeee0a922324.OPERATION#flowable-async-job-executor-thread-15662#
[RestartAppStep] Getting routes for application "0fe9d8fa-1307-466c-994e-872d606b712d"...#
#2026 08 05 09:05:32.878#Z#INFO#7564f0ed-90ac-11f1-8dd2-eeee0a922324.OPERATION#flowable-async-job-executor-thread-15662#
[RestartAppStep] Application "hr-app" started and available at "268a3369trial-dev-hr-app.cfapps.us10-001.hana.ondemand.com"#
#2026 08 05 09:05:32.918#Z#DEBUG#7564f0ed-90ac-11f1-8dd2-eeee0a922324.OPERATION#flowable-async-job-executor-thread-15662#
Step "Start App" finished#
#2026 08 05 09:05:42.692#Z#DEBUG#7564f0ed-90ac-11f1-8dd2-eeee0a922324.OPERATION#flowable-async-job-executor-thread-15678#
[RestartAppStep] Executing task "startAppTask" of process "d01fde28-90ac-11f1-8577-eeee0a96f13a"...#
#2026 08 05 09:05:42.731#Z#DEBUG#7564f0ed-90ac-11f1-8dd2-eeee0a922324.OPERATION#flowable-async-job-executor-thread-15678#
[RestartAppStep] Application start timeout is default one: 3,600 seconds#
#2026 08 05 09:05:42.756#Z#DEBUG#7564f0ed-90ac-11f1-8dd2-eeee0a922324.OPERATION#flowable-async-job-executor-thread-15678#
Step "Start App" finished#
#2026 08 05 09:05:42.859#Z#DEBUG#7564f0ed-90ac-11f1-8dd2-eeee0a922324.OPERATION#flowable-async-job-executor-thread-15666#
[RestartAppStep] Executing task "startAppTask" of process "d061c8c2-90ac-11f1-8577-eeee0a96f13a"...#
#2026 08 05 09:05:42.872#Z#DEBUG#7564f0ed-90ac-11f1-8dd2-eeee0a922324.OPERATION#flowable-async-job-executor-thread-15666#
[RestartAppStep] Application start timeout is default one: 3,600 seconds#
#2026 08 05 09:05:42.877#Z#DEBUG#7564f0ed-90ac-11f1-8dd2-eeee0a922324.OPERATION#flowable-async-job-executor-thread-15666#
Step "Start App" finished#
#2026 08 05 09:05:43.628#Z#DEBUG#7564f0ed-90ac-11f1-8dd2-eeee0a922324.OPERATION#flowable-async-job-executor-thread-15680#
[PrepareToExecuteTasksStep] Executing task "prepareToExecuteTasksTask" of process "d662f485-90ac-11f1-8577-eeee0a96f13a"...#
#2026 08 05 09:05:43.651#Z#DEBUG#7564f0ed-90ac-11f1-8dd2-eeee0a922324.OPERATION#flowable-async-job-executor-thread-15680#
Step "Prepare To Execute Tasks" finished#
#2026 08 05 09:05:43.698#Z#DEBUG#7564f0ed-90ac-11f1-8dd2-eeee0a922324.OPERATION#flowable-async-job-executor-thread-15685#
[PrepareToExecuteTasksStep] Executing task "prepareToExecuteTasksTask" of process "d676cadd-90ac-11f1-8577-eeee0a96f13a"...#
#2026 08 05 09:05:43.711#Z#DEBUG#7564f0ed-90ac-11f1-8dd2-eeee0a922324.OPERATION#flowable-async-job-executor-thread-15685#
Step "Prepare To Execute Tasks" finished#
#2026 08 05 09:05:44.243#Z#DEBUG#7564f0ed-90ac-11f1-8dd2-eeee0a922324.OPERATION#flowable-async-job-executor-thread-15680#
[PublishConfigurationEntriesStep] Executing task "publishProvidedDependenciesTask" of process "d636db7d-90ac-11f1-8577-eeee0a96f13a"...#
#2026 08 05 09:05:44.259#Z#DEBUG#7564f0ed-90ac-11f1-8dd2-eeee0a922324.OPERATION#flowable-async-job-executor-thread-15680#
[PublishConfigurationEntriesStep] Publishing public provided dependencies for application "hr-app-srv"...#
#2026 08 05 09:05:44.273#Z#DEBUG#7564f0ed-90ac-11f1-8dd2-eeee0a922324.OPERATION#flowable-async-job-executor-thread-15680#
[PublishConfigurationEntriesStep] No public provided dependencies for publishing#
#2026 08 05 09:05:44.273#Z#DEBUG#7564f0ed-90ac-11f1-8dd2-eeee0a922324.OPERATION#flowable-async-job-executor-thread-15680#
Step "Publish Provided Dependencies" finished#
#2026 08 05 09:05:44.322#Z#DEBUG#7564f0ed-90ac-11f1-8dd2-eeee0a922324.OPERATION#flowable-async-job-executor-thread-15685#
[PublishConfigurationEntriesStep] Executing task "publishProvidedDependenciesTask" of process "d6466c46-90ac-11f1-8577-eeee0a96f13a"...#
#2026 08 05 09:05:44.330#Z#DEBUG#7564f0ed-90ac-11f1-8dd2-eeee0a922324.OPERATION#flowable-async-job-executor-thread-15685#
[PublishConfigurationEntriesStep] Publishing public provided dependencies for application "hr-app"...#
#2026 08 05 09:05:44.337#Z#DEBUG#7564f0ed-90ac-11f1-8dd2-eeee0a922324.OPERATION#flowable-async-job-executor-thread-15685#
[PublishConfigurationEntriesStep] No public provided dependencies for publishing#
#2026 08 05 09:05:44.337#Z#DEBUG#7564f0ed-90ac-11f1-8dd2-eeee0a922324.OPERATION#flowable-async-job-executor-thread-15685#
Step "Publish Provided Dependencies" finished#
#2026 08 05 09:05:44.572#Z#DEBUG#7564f0ed-90ac-11f1-8dd2-eeee0a922324.OPERATION#flowable-async-job-executor-thread-15680#
[CreateOrUpdateServiceBrokerStep] Executing task "createOrUpdateServiceBrokerTask" of process "d636db7d-90ac-11f1-8577-eeee0a96f13a"...#
#2026 08 05 09:05:44.595#Z#DEBUG#7564f0ed-90ac-11f1-8dd2-eeee0a922324.OPERATION#flowable-async-job-executor-thread-15680#
[CreateOrUpdateServiceBrokerStep] Creating service brokers...#
#2026 08 05 09:05:44.603#Z#DEBUG#7564f0ed-90ac-11f1-8dd2-eeee0a922324.OPERATION#flowable-async-job-executor-thread-15680#
Step "Create Or Update Service Broker " finished#
#2026 08 05 09:05:44.651#Z#DEBUG#7564f0ed-90ac-11f1-8dd2-eeee0a922324.OPERATION#flowable-async-job-executor-thread-15685#
[CreateOrUpdateServiceBrokerStep] Executing task "createOrUpdateServiceBrokerTask" of process "d6466c46-90ac-11f1-8577-eeee0a96f13a"...#
#2026 08 05 09:05:44.673#Z#DEBUG#7564f0ed-90ac-11f1-8dd2-eeee0a922324.OPERATION#flowable-async-job-executor-thread-15685#
[CreateOrUpdateServiceBrokerStep] Creating service brokers...#
#2026 08 05 09:05:44.684#Z#DEBUG#7564f0ed-90ac-11f1-8dd2-eeee0a922324.OPERATION#flowable-async-job-executor-thread-15685#
Step "Create Or Update Service Broker " finished#
#2026 08 05 09:05:48.254#Z#DEBUG#7564f0ed-90ac-11f1-8dd2-eeee0a922324.OPERATION#flowable-async-job-executor-thread-8771#
[CreateSubscriptionsStep] Executing task "createSubscriptionsTask" of process "d8d21ff3-90ac-11f1-83f0-eeee0a98f14a"...#
#2026 08 05 09:05:48.263#Z#DEBUG#7564f0ed-90ac-11f1-8dd2-eeee0a922324.OPERATION#flowable-async-job-executor-thread-8771#
[CreateSubscriptionsStep] Creating subscriptions...#
#2026 08 05 09:05:48.273#Z#DEBUG#7564f0ed-90ac-11f1-8dd2-eeee0a922324.OPERATION#flowable-async-job-executor-thread-8771#
[CreateSubscriptionsStep] Subscriptions created#
#2026 08 05 09:05:48.273#Z#DEBUG#7564f0ed-90ac-11f1-8dd2-eeee0a922324.OPERATION#flowable-async-job-executor-thread-8771#
Step "Create Subscriptions" finished#
#2026 08 05 09:05:48.677#Z#DEBUG#7564f0ed-90ac-11f1-8dd2-eeee0a922324.OPERATION#flowable-async-job-executor-thread-8761#
[DeleteSubscriptionsStep] Executing task "deleteSubscriptionsTask" of process "d8d21ff3-90ac-11f1-83f0-eeee0a98f14a"...#
#2026 08 05 09:05:48.687#Z#DEBUG#7564f0ed-90ac-11f1-8dd2-eeee0a922324.OPERATION#flowable-async-job-executor-thread-8761#
[DeleteSubscriptionsStep] Deleting discontinued subscriptions...#
#2026 08 05 09:05:48.704#Z#DEBUG#7564f0ed-90ac-11f1-8dd2-eeee0a922324.OPERATION#flowable-async-job-executor-thread-8761#
[DeleteSubscriptionsStep] Subscriptions to delete: [ ]#
#2026 08 05 09:05:48.704#Z#DEBUG#7564f0ed-90ac-11f1-8dd2-eeee0a922324.OPERATION#flowable-async-job-executor-thread-8761#
[DeleteSubscriptionsStep] Deleted discontinued subscriptions#
#2026 08 05 09:05:48.704#Z#DEBUG#7564f0ed-90ac-11f1-8dd2-eeee0a922324.OPERATION#flowable-async-job-executor-thread-8761#
Step "Delete Subscriptions" finished#
#2026 08 05 09:05:48.981#Z#DEBUG#7564f0ed-90ac-11f1-8dd2-eeee0a922324.OPERATION#flowable-async-job-executor-thread-8762#
[DeleteDiscontinuedConfigurationEntriesStep] Executing task "deleteDiscontinuedConfigurationEntriesTask" of process "d8d21ff3-90ac-11f1-83f0-eeee0a98f14a"...#
#2026 08 05 09:05:48.989#Z#DEBUG#7564f0ed-90ac-11f1-8dd2-eeee0a922324.OPERATION#flowable-async-job-executor-thread-8762#
[DeleteDiscontinuedConfigurationEntriesStep] Deleting discontinued published dependencies...#
#2026 08 05 09:05:49.235#Z#DEBUG#7564f0ed-90ac-11f1-8dd2-eeee0a922324.OPERATION#flowable-async-job-executor-thread-8762#
[DeleteDiscontinuedConfigurationEntriesStep] Deleted entries: [ ]#
#2026 08 05 09:05:49.235#Z#DEBUG#7564f0ed-90ac-11f1-8dd2-eeee0a922324.OPERATION#flowable-async-job-executor-thread-8762#
[DeleteDiscontinuedConfigurationEntriesStep] Discontinued published dependencies deleted#
#2026 08 05 09:05:49.235#Z#DEBUG#7564f0ed-90ac-11f1-8dd2-eeee0a922324.OPERATION#flowable-async-job-executor-thread-8762#
Step "Delete Discontinued Configuration Entries" finished#
#2026 08 05 09:05:49.279#Z#WARN#7564f0ed-90ac-11f1-8dd2-eeee0a922324.OPERATION#flowable-async-job-executor-thread-8762#
[DoNotDeleteServicesListener] Skipping deletion of services, because the command line option "--delete-services" is not specified.#
#2026 08 05 09:05:49.486#Z#DEBUG#7564f0ed-90ac-11f1-8dd2-eeee0a922324.OPERATION#flowable-async-job-executor-thread-8762#
[DetachServicesFromMtaStep] Executing task "detachServicesFromMtaTask" of process "da1527e4-90ac-11f1-83f0-eeee0a98f14a"...#
#2026 08 05 09:05:49.497#Z#DEBUG#7564f0ed-90ac-11f1-8dd2-eeee0a922324.OPERATION#flowable-async-job-executor-thread-8762#
[DetachServicesFromMtaStep] Detaching services from MTA...#
#2026 08 05 09:05:49.529#Z#DEBUG#7564f0ed-90ac-11f1-8dd2-eeee0a922324.OPERATION#flowable-async-job-executor-thread-8762#
[DetachServicesFromMtaStep] Getting service instances without auxiliary content by names []...#
#2026 08 05 09:05:49.529#Z#DEBUG#7564f0ed-90ac-11f1-8dd2-eeee0a922324.OPERATION#flowable-async-job-executor-thread-8762#
[DetachServicesFromMtaStep] Detached services from MTA#
#2026 08 05 09:05:49.529#Z#DEBUG#7564f0ed-90ac-11f1-8dd2-eeee0a922324.OPERATION#flowable-async-job-executor-thread-8762#
Step "Detach Services from MTA" finished#
#2026 08 05 09:05:50.091#Z#DEBUG#7564f0ed-90ac-11f1-8dd2-eeee0a922324.OPERATION#flowable-async-job-executor-thread-8762#
[UpdateSubscribersStep] Executing task "updateSubscribersTask" of process "da1527e4-90ac-11f1-83f0-eeee0a98f14a"...#
#2026 08 05 09:05:50.126#Z#DEBUG#7564f0ed-90ac-11f1-8dd2-eeee0a922324.OPERATION#flowable-async-job-executor-thread-8762#
[UpdateSubscribersStep] Updating subscribers...#
#2026 08 05 09:05:53.214#Z#DEBUG#7564f0ed-90ac-11f1-8dd2-eeee0a922324.OPERATION#flowable-async-job-executor-thread-8762#
[UpdateSubscribersStep] Subscribers updated#
#2026 08 05 09:05:53.214#Z#DEBUG#7564f0ed-90ac-11f1-8dd2-eeee0a922324.OPERATION#flowable-async-job-executor-thread-8762#
Step "Update Subscribers" finished#
#2026 08 05 09:05:56.397#Z#DEBUG#7564f0ed-90ac-11f1-8dd2-eeee0a922324.OPERATION#flowable-async-job-executor-thread-8774#
[RestartSubscribersStep] Executing task "restartSubscribersTask" of process "da1527e4-90ac-11f1-83f0-eeee0a98f14a"...#
#2026 08 05 09:05:56.404#Z#DEBUG#7564f0ed-90ac-11f1-8dd2-eeee0a922324.OPERATION#flowable-async-job-executor-thread-8774#
Step "Restart Subscribers" finished#
#2026 08 05 09:05:56.557#Z#DEBUG#7564f0ed-90ac-11f1-8dd2-eeee0a922324.OPERATION#flowable-async-job-executor-thread-8777#
[PrepareToRestartServiceBrokerSubscribersStep] Executing task "prepareToRestartServiceBrokerSubscribersTask" of process "da1527e4-90ac-11f1-83f0-eeee0a98f14a"...#
#2026 08 05 09:05:56.563#Z#DEBUG#7564f0ed-90ac-11f1-8dd2-eeee0a922324.OPERATION#flowable-async-job-executor-thread-8777#
Step "Prepare To Restart Service Brokers Subscribers" finished#
